transcript_id	bundled_gene_name	gtf_gene_name
ENSMUST00000211073	AC107738.1	SMIM39
ENSMUST00000216180	AC138221.1	OR5BS1P
ENSMUST00000239506	AEKR01077154.1	SPATA5L1
ENSMUST00000239508	AC168314.1	TUSC3
ENSMUST00000239509	AC168314.1	TUSC3
ENSMUST00000239512	AC109196.1	LIN54
ENSMUST00000239513	AC109196.1	LIN54
ENSMUST00000239527	AC120557.1	RPS6KA4
ENSMUST00000239533	AC084822.1	ARVCF
ENSMUST00000239534	AC084822.1	ARVCF
ENSMUST00000239535	AC084822.1	ARVCF
ENSMUST00000239536	AC084822.1	ARVCF
ENSMUST00000239538	AC084822.1	ARVCF
ENSMUST00000239547	AC084822.1	ARVCF
ENSMUST00000239548	AC084822.1	ARVCF
ENSMUST00000239551	AC084822.1	ARVCF
ENSMUST00000239552	AC110211.1	EPPK1
