source	url	published_bsd_sum	sha256
Canis_lupus_familiaris.CanFam3.1.dna.chromosome.1.fa.gz	https://ftp.ensembl.org/pub/release-100/fasta/canis_lupus_familiaris/dna/Canis_lupus_familiaris.CanFam3.1.dna.chromosome.1.fa.gz	14378:36404	cc7f3eadd24f64b1910724fd07b51b7f8519b655eebf089ebc6c43bab0a09c35
Canis_lupus_familiaris.CanFam3.1.dna.chromosome.10.fa.gz	https://ftp.ensembl.org/pub/release-100/fasta/canis_lupus_familiaris/dna/Canis_lupus_familiaris.CanFam3.1.dna.chromosome.10.fa.gz	35260:20579	3c31c50a4c2e4af0a82cff4933f79c752efaaae9fb89d0f2fb28ae2a852f8f57
Canis_lupus_familiaris.CanFam3.1.dna.chromosome.11.fa.gz	https://ftp.ensembl.org/pub/release-100/fasta/canis_lupus_familiaris/dna/Canis_lupus_familiaris.CanFam3.1.dna.chromosome.11.fa.gz	34247:22083	b6a41ec9bb81b8cabba7e0949eefaddc0d2f0e2f29f576f50344ff2b860f4ee1
Canis_lupus_familiaris.CanFam3.1.dna.chromosome.12.fa.gz	https://ftp.ensembl.org/pub/release-100/fasta/canis_lupus_familiaris/dna/Canis_lupus_familiaris.CanFam3.1.dna.chromosome.12.fa.gz	52294:21511	9d2c932442676ce4eee640d022788355ec30de424ae4b4f24143a15771afdecb
Canis_lupus_familiaris.CanFam3.1.dna.chromosome.13.fa.gz	https://ftp.ensembl.org/pub/release-100/fasta/canis_lupus_familiaris/dna/Canis_lupus_familiaris.CanFam3.1.dna.chromosome.13.fa.gz	55347:18777	a1333e0350e6c655c5caab21a5c74f2d6f27a53b23986b8a9888ae2960078d8d
Canis_lupus_familiaris.CanFam3.1.dna.chromosome.14.fa.gz	https://ftp.ensembl.org/pub/release-100/fasta/canis_lupus_familiaris/dna/Canis_lupus_familiaris.CanFam3.1.dna.chromosome.14.fa.gz	22353:18083	42d500a18df75d8ce11285c5d03853f83a86ee0e5bafb2553d3aa16b585ed807
Canis_lupus_familiaris.CanFam3.1.dna.chromosome.15.fa.gz	https://ftp.ensembl.org/pub/release-100/fasta/canis_lupus_familiaris/dna/Canis_lupus_familiaris.CanFam3.1.dna.chromosome.15.fa.gz	34231:19020	4bfcf8fd8dff02a0b335a9837e3d47e0d5ef65c46780e9fc41bc1ca8b2d765e3
Canis_lupus_familiaris.CanFam3.1.dna.chromosome.16.fa.gz	https://ftp.ensembl.org/pub/release-100/fasta/canis_lupus_familiaris/dna/Canis_lupus_familiaris.CanFam3.1.dna.chromosome.16.fa.gz	21446:17665	8d73995d185374fc0ea30173e9da7e99dd0200c55f6c13303a62cf6dbc468a31
Canis_lupus_familiaris.CanFam3.1.dna.chromosome.17.fa.gz	https://ftp.ensembl.org/pub/release-100/fasta/canis_lupus_familiaris/dna/Canis_lupus_familiaris.CanFam3.1.dna.chromosome.17.fa.gz	17647:19101	60ce768510d5b9492735cc5a19a3f442d51a17010e6aa504f994ddca383a511a
Canis_lupus_familiaris.CanFam3.1.dna.chromosome.18.fa.gz	https://ftp.ensembl.org/pub/release-100/fasta/canis_lupus_familiaris/dna/Canis_lupus_familiaris.CanFam3.1.dna.chromosome.18.fa.gz	57197:16562	83d04bb67c1adb479d0635719a48f9e37ea08cb4a017ee4432a59e144902b566
Canis_lupus_familiaris.CanFam3.1.dna.chromosome.19.fa.gz	https://ftp.ensembl.org/pub/release-100/fasta/canis_lupus_familiaris/dna/Canis_lupus_familiaris.CanFam3.1.dna.chromosome.19.fa.gz	61990:15965	96167e3d0dd45cc3e7a65c71dc12d14967e6f77043bf22e6ef6693fa0c419c2b
Canis_lupus_familiaris.CanFam3.1.dna.chromosome.2.fa.gz	https://ftp.ensembl.org/pub/release-100/fasta/canis_lupus_familiaris/dna/Canis_lupus_familiaris.CanFam3.1.dna.chromosome.2.fa.gz	10572:25353	d00ef4becada973e410d8b739107e71a2d85b9a03ef0cd8911f9ede89b68649a
Canis_lupus_familiaris.CanFam3.1.dna.chromosome.20.fa.gz	https://ftp.ensembl.org/pub/release-100/fasta/canis_lupus_familiaris/dna/Canis_lupus_familiaris.CanFam3.1.dna.chromosome.20.fa.gz	13855:17232	22deada2ddb7b0fb3468541fcd8aaf96fb2a60d591f017d36550b3ea1d3b1357
Canis_lupus_familiaris.CanFam3.1.dna.chromosome.21.fa.gz	https://ftp.ensembl.org/pub/release-100/fasta/canis_lupus_familiaris/dna/Canis_lupus_familiaris.CanFam3.1.dna.chromosome.21.fa.gz	28109:15075	cdd20b7e83f5670d6550529bc611a0df9262907324d791b6c22c3fccf12a618c
Canis_lupus_familiaris.CanFam3.1.dna.chromosome.22.fa.gz	https://ftp.ensembl.org/pub/release-100/fasta/canis_lupus_familiaris/dna/Canis_lupus_familiaris.CanFam3.1.dna.chromosome.22.fa.gz	36232:18251	c080494f653c7a058de155170da995d5ac92fe5af036b1dd5198f40fb0fd552d
Canis_lupus_familiaris.CanFam3.1.dna.chromosome.23.fa.gz	https://ftp.ensembl.org/pub/release-100/fasta/canis_lupus_familiaris/dna/Canis_lupus_familiaris.CanFam3.1.dna.chromosome.23.fa.gz	49182:15548	9c685d8971b24fdce56aaf9de963161864378eb5aca9dc0a17cf4f3535b1fc72
Canis_lupus_familiaris.CanFam3.1.dna.chromosome.24.fa.gz	https://ftp.ensembl.org/pub/release-100/fasta/canis_lupus_familiaris/dna/Canis_lupus_familiaris.CanFam3.1.dna.chromosome.24.fa.gz	13245:14168	43e628825673378c77f6e5ef91c2cdda9735573dbc6625c6a2ac38daf3f14471
Canis_lupus_familiaris.CanFam3.1.dna.chromosome.25.fa.gz	https://ftp.ensembl.org/pub/release-100/fasta/canis_lupus_familiaris/dna/Canis_lupus_familiaris.CanFam3.1.dna.chromosome.25.fa.gz	22702:15310	64af423fa641bacd3d4be804176014a663a2fc3f393e92153da89ea2f3f12c50
Canis_lupus_familiaris.CanFam3.1.dna.chromosome.26.fa.gz	https://ftp.ensembl.org/pub/release-100/fasta/canis_lupus_familiaris/dna/Canis_lupus_familiaris.CanFam3.1.dna.chromosome.26.fa.gz	44111:11559	1ce0e4b55851f78b52342f8499017a0a88ca7dfc3e356771153fa152043304a4
Canis_lupus_familiaris.CanFam3.1.dna.chromosome.27.fa.gz	https://ftp.ensembl.org/pub/release-100/fasta/canis_lupus_familiaris/dna/Canis_lupus_familiaris.CanFam3.1.dna.chromosome.27.fa.gz	40519:13576	c95443ed3e8f8a5207b79f87396b9a89abd3dca06b40ca649340de33dd76edb5
Canis_lupus_familiaris.CanFam3.1.dna.chromosome.28.fa.gz	https://ftp.ensembl.org/pub/release-100/fasta/canis_lupus_familiaris/dna/Canis_lupus_familiaris.CanFam3.1.dna.chromosome.28.fa.gz	46703:12236	1510e5353a48f04d7206e86b26d5ba4479131668835bfb4ebe58753b28ddcdeb
Canis_lupus_familiaris.CanFam3.1.dna.chromosome.29.fa.gz	https://ftp.ensembl.org/pub/release-100/fasta/canis_lupus_familiaris/dna/Canis_lupus_familiaris.CanFam3.1.dna.chromosome.29.fa.gz	02296:12424	4d9e44fb5884de0f9c72a139f6bb21eec7f13a62fb27fc0969aebefb1489401d
Canis_lupus_familiaris.CanFam3.1.dna.chromosome.3.fa.gz	https://ftp.ensembl.org/pub/release-100/fasta/canis_lupus_familiaris/dna/Canis_lupus_familiaris.CanFam3.1.dna.chromosome.3.fa.gz	16039:27300	b87214f96d7d1b8459c47a2049b6dd61414371a357c357d5b25d35a188328b53
Canis_lupus_familiaris.CanFam3.1.dna.chromosome.30.fa.gz	https://ftp.ensembl.org/pub/release-100/fasta/canis_lupus_familiaris/dna/Canis_lupus_familiaris.CanFam3.1.dna.chromosome.30.fa.gz	58824:11918	025a445ce133ce75fb6697646b9a357f335055f0b2a6a795f2ec8aa7cd40166b
Canis_lupus_familiaris.CanFam3.1.dna.chromosome.31.fa.gz	https://ftp.ensembl.org/pub/release-100/fasta/canis_lupus_familiaris/dna/Canis_lupus_familiaris.CanFam3.1.dna.chromosome.31.fa.gz	03481:11832	7bea8b40caabcfed01692e8dc0dc367a360a807e2ec600bf24587d0bf525b491
Canis_lupus_familiaris.CanFam3.1.dna.chromosome.32.fa.gz	https://ftp.ensembl.org/pub/release-100/fasta/canis_lupus_familiaris/dna/Canis_lupus_familiaris.CanFam3.1.dna.chromosome.32.fa.gz	53120:11505	00fff6f67f4097da558f94480b18b6cf5692f20824b826268dfca22974caee65
Canis_lupus_familiaris.CanFam3.1.dna.chromosome.33.fa.gz	https://ftp.ensembl.org/pub/release-100/fasta/canis_lupus_familiaris/dna/Canis_lupus_familiaris.CanFam3.1.dna.chromosome.33.fa.gz	06667:9309	5daf894d77ba1d0f69ddbc699c2be72008ceeff3583b37a3a3d811ef95c47fa9
Canis_lupus_familiaris.CanFam3.1.dna.chromosome.34.fa.gz	https://ftp.ensembl.org/pub/release-100/fasta/canis_lupus_familiaris/dna/Canis_lupus_familiaris.CanFam3.1.dna.chromosome.34.fa.gz	34967:12525	0a9d1c6863c1abb2694478895ff9d6d9a6bafeec8eb660ee30e9581b3368c449
Canis_lupus_familiaris.CanFam3.1.dna.chromosome.35.fa.gz	https://ftp.ensembl.org/pub/release-100/fasta/canis_lupus_familiaris/dna/Canis_lupus_familiaris.CanFam3.1.dna.chromosome.35.fa.gz	57668:7894	b2ec05e73bbe20442b48b4ffb95309dcb012e42baf7f854c6ebffe2ddeba86aa
Canis_lupus_familiaris.CanFam3.1.dna.chromosome.36.fa.gz	https://ftp.ensembl.org/pub/release-100/fasta/canis_lupus_familiaris/dna/Canis_lupus_familiaris.CanFam3.1.dna.chromosome.36.fa.gz	65457:9158	ae1ab31462365b182ede1f221c37337d4718c55b11b6d9a39f09e463826f0c4e
Canis_lupus_familiaris.CanFam3.1.dna.chromosome.37.fa.gz	https://ftp.ensembl.org/pub/release-100/fasta/canis_lupus_familiaris/dna/Canis_lupus_familiaris.CanFam3.1.dna.chromosome.37.fa.gz	15738:9181	b2c9b46b3d8089df0f4d58e0c243b76279b37e80fdaf3b3bbc6cd9c434f01799
Canis_lupus_familiaris.CanFam3.1.dna.chromosome.38.fa.gz	https://ftp.ensembl.org/pub/release-100/fasta/canis_lupus_familiaris/dna/Canis_lupus_familiaris.CanFam3.1.dna.chromosome.38.fa.gz	00336:7092	dcfdf34d1e4677c9aab28d2ab55f1a8db1a0a5c553c3095b63928df344fe6069
Canis_lupus_familiaris.CanFam3.1.dna.chromosome.4.fa.gz	https://ftp.ensembl.org/pub/release-100/fasta/canis_lupus_familiaris/dna/Canis_lupus_familiaris.CanFam3.1.dna.chromosome.4.fa.gz	24342:26256	b1dbb77e382c204c6f6a92ee9f5e6f20a13549c4d535c4d508173eed98ffdcd2
Canis_lupus_familiaris.CanFam3.1.dna.chromosome.5.fa.gz	https://ftp.ensembl.org/pub/release-100/fasta/canis_lupus_familiaris/dna/Canis_lupus_familiaris.CanFam3.1.dna.chromosome.5.fa.gz	09343:26459	021df6e198011d5adad87678f064abb04fe3ff76cfbc20f0ad0be1caf4baaca1
Canis_lupus_familiaris.CanFam3.1.dna.chromosome.6.fa.gz	https://ftp.ensembl.org/pub/release-100/fasta/canis_lupus_familiaris/dna/Canis_lupus_familiaris.CanFam3.1.dna.chromosome.6.fa.gz	04899:22983	bc73be3f4f897d51f34870919b4657d5b31741424563dde9dd30168d8cf8cd95
Canis_lupus_familiaris.CanFam3.1.dna.chromosome.7.fa.gz	https://ftp.ensembl.org/pub/release-100/fasta/canis_lupus_familiaris/dna/Canis_lupus_familiaris.CanFam3.1.dna.chromosome.7.fa.gz	48093:24029	eb34a442c38d40c15b8431917daccce03c7127dcd1623a6244fc0a21cfe3d3af
Canis_lupus_familiaris.CanFam3.1.dna.chromosome.8.fa.gz	https://ftp.ensembl.org/pub/release-100/fasta/canis_lupus_familiaris/dna/Canis_lupus_familiaris.CanFam3.1.dna.chromosome.8.fa.gz	26331:22043	9749b9290cf002e3ac23240d83d3b10e9322f7616e299e3cf98cd92b565e6f6b
Canis_lupus_familiaris.CanFam3.1.dna.chromosome.9.fa.gz	https://ftp.ensembl.org/pub/release-100/fasta/canis_lupus_familiaris/dna/Canis_lupus_familiaris.CanFam3.1.dna.chromosome.9.fa.gz	16476:18052	af9a3d0fabb89549366ddc42b3f6c49be65625c34381d37aae92faa80b55658b
Canis_lupus_familiaris.CanFam3.1.dna.chromosome.X.fa.gz	https://ftp.ensembl.org/pub/release-100/fasta/canis_lupus_familiaris/dna/Canis_lupus_familiaris.CanFam3.1.dna.chromosome.X.fa.gz	09893:36551	374eb533a5e75537105b420f5767ae512ebd78c2ad1c54e68fb5228c659b76fb
Canis_familiaris.CanFam3.1.93.chr.gtf.gz	https://ftp.ensembl.org/pub/release-93/gtf/canis_familiaris/Canis_familiaris.CanFam3.1.93.chr.gtf.gz	12964:10002	1237dc51a14b5aae40bc23490821920d9c16c8693427c044e165a2cbf9d81545
