filename	sha256	ensembl_sum	ensembl_blocks
Rattus_norvegicus.Rnor_6.0.dna.chromosome.1.fa.gz	ae1f9f3534fe1143ecacbfa021bed64cbc94c500a825385cc30923250b2a35f0	61554	79562
Rattus_norvegicus.Rnor_6.0.dna.chromosome.10.fa.gz	a6529c88b6d2b93e4f22b848498af8c46ad92f5e1c1d5f9dc97cb4f6e8f68982	10252	32567
Rattus_norvegicus.Rnor_6.0.dna.chromosome.11.fa.gz	46f2bb8a00b729961c2ab3a47a6e1081df7418f1682f852940d15ef5ceb88976	00946	25975
Rattus_norvegicus.Rnor_6.0.dna.chromosome.12.fa.gz	099687c352fe8c2bdb5fe33041cf800cf5d9f072d40cc794f7cd8a75ee61e18d	27208	14715
Rattus_norvegicus.Rnor_6.0.dna.chromosome.13.fa.gz	f40960cbae50ba34413f5f4351ae2c34e600f7cb4b02f200b8fa2e884a75911c	11783	32326
Rattus_norvegicus.Rnor_6.0.dna.chromosome.14.fa.gz	1b800b717a892994f82b566574d14cf4352c84d10e4b5163bb3ab1e82c1101c1	46704	32553
Rattus_norvegicus.Rnor_6.0.dna.chromosome.15.fa.gz	2e5149974844ddf0b992545cddac488648de5c6aed27fff0cbfe3b7f0d6780b4	39218	31524
Rattus_norvegicus.Rnor_6.0.dna.chromosome.16.fa.gz	db73dc87639932f5286933fdd474b4c3e708ba8311d1a68d61323a65f35f4e4f	65519	25675
Rattus_norvegicus.Rnor_6.0.dna.chromosome.17.fa.gz	b5fc5a4f7a602f215b87f741299b590d5be597e5cafeb08e08542684bdc1aee2	26317	25891
Rattus_norvegicus.Rnor_6.0.dna.chromosome.18.fa.gz	dde738ded23fa73edfd83b7830123a81edb03923cfd78891606fbce5b63b9def	29089	25176
Rattus_norvegicus.Rnor_6.0.dna.chromosome.19.fa.gz	5c9e5a46f15dedfffa633f1070d4ef56d05f3fc5c5c9001e274b6308467862bd	29456	17770
Rattus_norvegicus.Rnor_6.0.dna.chromosome.2.fa.gz	0f27a55b12db395c84d60e70bf3f9355ca81c9149343efe8894381850e7a04c8	52960	74977
Rattus_norvegicus.Rnor_6.0.dna.chromosome.20.fa.gz	261b3dd17193ebdcf25a0836a7560db52601fa29820ad0e32adf6bb9588dae55	48510	16103
Rattus_norvegicus.Rnor_6.0.dna.chromosome.3.fa.gz	53fc52edff3ffd4a9d399c3c3e8a4651305d3fb9302aeb1a9191ae3772ff3f7a	09108	50703
Rattus_norvegicus.Rnor_6.0.dna.chromosome.4.fa.gz	7b62b6e56798e04576b20e30e082d44483b80207816208b10724e23179762482	39199	52713
Rattus_norvegicus.Rnor_6.0.dna.chromosome.5.fa.gz	bb08e1f2500c301f8f8830bf29feee4239802d972e9e51fc88c55ed015da6d66	46579	49486
Rattus_norvegicus.Rnor_6.0.dna.chromosome.6.fa.gz	7c90953842ab288923511532c71c84d6dbc71604aa5376ad6c8a5a5ddbc47a44	44321	42253
Rattus_norvegicus.Rnor_6.0.dna.chromosome.7.fa.gz	ffdad8ca39e43e239b2f0635b8e6ec9afb3ee338f7a6b676174e2883ed8b3802	58929	41265
Rattus_norvegicus.Rnor_6.0.dna.chromosome.8.fa.gz	d8da495f08561aa4cc9cbf9042e3589e2343e685d5bad86716539fb013e16177	48769	38242
Rattus_norvegicus.Rnor_6.0.dna.chromosome.9.fa.gz	b0b3207abbeae856cb974710192f2e822c96fe94ccee6fc7cb306481183641ba	16768	34783
Rattus_norvegicus.Rnor_6.0.dna.chromosome.MT.fa.gz	88aa62578fa209d73c56be06a97dce9b720a408315f735d8cc4a2c51b563df5d	34333	6
Rattus_norvegicus.Rnor_6.0.dna.chromosome.X.fa.gz	ffad919beeb0075c055c2fde662a5ec95dfc44f3a1b890e29cf51adc2fd12c58	14398	43654
Rattus_norvegicus.Rnor_6.0.dna.chromosome.Y.fa.gz	8dc7b8e6e1a359e048a7b6cecc23946c66ffa831a8f194e9c7b688f968b831c9	26153	931
Rattus_norvegicus.Rnor_6.0.96.chr.gtf.gz	81399196f34251bfd2c4e0ab941e5239967c6dfa9d39b3d30b9a15fc9902991d	47109	11483
