 ,X,Y,1,2,3,4,5,6,7,8,9,10,11,12,13,14,15,16,17,18,19
B:AA,0.03158575165503072,0.00021217947175946743,0.047218567677541484,0.055850694733569815,0.07236923669051835,0.04850398052389825,0.032798382008167676,0.045752432199715164,0.1376088730494446,0.09252011849976778,0.0567728119146175,0.06858084623834786,0.05295604862610708,0.01886053455657266,0.030272582773124015,0.04759296575707054,0.03593173002135981,0.07154642443666041,0.020749795376337917,0.022572441710783344,0.009743602079605543
B:AG,0.027266306348611866,0.00022458733671958293,0.04480262154673043,0.05295794921136029,0.06321878315773624,0.04502338069021048,0.035684503282356686,0.04371286253787519,0.14263401387975264,0.11803851034792534,0.057074533008277195,0.06513160371309223,0.05558791796692313,0.01825665355935837,0.026503219829530553,0.044151828696008914,0.0359320597785135,0.06734302334113221,0.024127187892190424,0.020980413049289902,0.011348040826404835
B:CC,0.02541306400518203,0.00022316896710634443,0.0428017131642298,0.05354202183027557,0.05646819399103457,0.04417214786837381,0.03853733286497391,0.04115896398036758,0.1465156637222328,0.1328902717666281,0.05666719303390557,0.06377476208737912,0.05687747137475306,0.018058156060366804,0.02451233149534487,0.04103247471020261,0.03467739596458945,0.06291109012803614,0.026879372742126244,0.019812892559852788,0.013074317683038836
B:GA,0.027970850362694467,0.0002729486353765374,0.04522567345287207,0.05330638963178271,0.06348928916034774,0.04532383919015661,0.035324501609359425,0.04348422923535276,0.14471305676134472,0.11260567781047309,0.056647217081157525,0.06607990691014962,0.056014327409070995,0.018211739504845635,0.0265590195557322,0.04479071144620478,0.03663337810648668,0.06731695481901989,0.02339616738614969,0.0214687669345873,0.011165354996835552
N:AA,0.07764751046297554,0.056227602093069796,0.07189890839449613,0.05876509297576999,0.06635886883158708,0.05642623958466894,0.050069865989148664,0.05222460677743137,0.04796214323940244,0.04435756960870815,0.03907599531253155,0.04594547383540734,0.036082022393242534,0.04636293207611524,0.046088818087551935,0.046572837300823906,0.03770411858709866,0.03583932345877642,0.03226069599692987,0.03416476320983015,0.017964611784434304
N:AG,0.07103205057195236,0.0501004032686697,0.07113994707549862,0.060592455986225924,0.06326899845306976,0.05764725291407307,0.051569893704467816,0.0523237550928015,0.05093040851971729,0.045097428980820184,0.04161202999073652,0.04535885005156026,0.039674747425302796,0.04755998515823651,0.04720670431387866,0.04551833087722449,0.03813853085368482,0.03454763728143666,0.03343061297852595,0.034268195468378934,0.018981781033738165
N:CC,0.06971309015459907,0.04830909896566297,0.0699662441259373,0.06139220625824951,0.06100826682840074,0.05836531571571069,0.05279497502912444,0.052053384794760474,0.052927474045035665,0.04512715561297448,0.042506589352243926,0.04485164092428803,0.04157011816547027,0.04781270431456859,0.047381726527340774,0.044647866367622746,0.03826963163584154,0.033650629056575634,0.03439926056377969,0.03377796929932638,0.019474652262487065
N:GA,0.07231839545281549,0.052474458417022266,0.07113950199474196,0.0600121800144232,0.06373518088137228,0.057304485218218834,0.05129533019366062,0.05228161829660489,0.05066994481176734,0.04497995808735311,0.04098966715799129,0.045427386489907184,0.03869038570802139,0.047243550322585114,0.0469850541765899,0.04566356036975689,0.038052396364722116,0.034700980039433525,0.03317261399527441,0.03414805887647359,0.01871529313126459
Q:AC,0.059504994122434395,0.03252904438734254,0.07239015720435005,0.0676049641367941,0.0586818604973611,0.05741197387802831,0.05648315937964927,0.055268792005886726,0.05373400291902592,0.047857249290220234,0.046243978725427896,0.04817009729604184,0.04538518201618385,0.044224642568529496,0.04452375791129748,0.045784152576332685,0.03802188977271815,0.035849966106950786,0.03496286373048313,0.03317837986828046,0.022188891606661584
Q:AT,0.06888227463024181,0.0369617711455528,0.07398878428568068,0.06589897664741605,0.061974242110317906,0.055889670881991434,0.054103774965194584,0.055782222816055334,0.05083114803970259,0.04631503696128984,0.04339086229594628,0.048579679678805804,0.0404174617213385,0.04402950369771626,0.04404153112239502,0.04687577915528514,0.037794889194470015,0.03708113911129825,0.03321188228658598,0.03316626102056308,0.020783108232152646
Q:CA,0.059476441382493396,0.032084578401739436,0.0722323868657982,0.06775908500093288,0.05830743543788196,0.05761174319776317,0.056570211081202804,0.05525315399568133,0.054465453546358594,0.0479798563604138,0.04638869211905683,0.047785430809505834,0.045707850139851285,0.04427533386094074,0.04437304629504543,0.045767225820121,0.038080266621508346,0.03569605025695555,0.03502254083185764,0.03304756772928176,0.022115650245609998
Q:CG,0.044333681642433655,0.023526092314868376,0.06756865766855455,0.06957510100582827,0.05447414090741761,0.06095671440101886,0.06185535187984022,0.0533209252979872,0.0560162889761313,0.05185633507183018,0.04896328120891458,0.050609464709123794,0.053208658491692026,0.043741297036019124,0.0449883045883055,0.04304867257648891,0.03982768988752741,0.034539351687774805,0.03907419898433981,0.03299596891284117,0.025519822751062647
Q:GC,0.053796523316606774,0.026431544092258175,0.07080346010811628,0.06939086247567812,0.05588584097256966,0.05934861838319038,0.058414978778691694,0.054741985143982826,0.056520504739396245,0.04918838441693842,0.04830692245334658,0.04755144337584169,0.04989698354775038,0.04454111693369013,0.04421786464463778,0.044845232464169764,0.038680389355244496,0.03495743939351848,0.036382816551472644,0.03285069511185194,0.023246393741047536
Q:TA,0.06874857118322728,0.035975709740135704,0.07422166629123769,0.06615416844035407,0.062128873850454014,0.055959152157996996,0.05406207509669298,0.05581595573890517,0.050147137134779,0.046116788902119926,0.0435674542254458,0.04883220061727077,0.040745862691388725,0.044144813655869336,0.04406266381941392,0.046842670923781075,0.037808694999133745,0.037234961394464625,0.033169966382374474,0.03328467755599698,0.02097593519895774
T:AA,0.04999347537433107,0.004496252724407264,0.07681128540429655,0.07951586302694895,0.0532842787422811,0.05598964252755728,0.06108583167342083,0.06147008699958613,0.0549553250510437,0.048139672460961236,0.052678975450646495,0.05227611427571849,0.05110768793775697,0.0401806354330266,0.0415842606636854,0.0467812358579171,0.0371773474598441,0.03768321690282345,0.03563319828072733,0.031888810525363236,0.02726680322765669
T:AG,0.04163132213879124,0.002910897607799836,0.07397226856450585,0.079514837168099,0.049632171230020644,0.05862843590493871,0.06393709705720402,0.05986106223803981,0.05996167573622191,0.051040499074286615,0.05461662607896912,0.0509787156492415,0.056847710163560126,0.03947224472983924,0.03987529932221938,0.045718389712427795,0.03819198823305162,0.03655389185244922,0.03774994688936449,0.03105678603119063,0.02784813461777923
T:CC,0.03731926470386384,0.002647088138678915,0.07157734305060127,0.07905339518926227,0.0471309519162124,0.060877170559237664,0.065997080351899,0.057943724019475416,0.0632711362209253,0.053127724387046965,0.05517355598295862,0.05040420994174067,0.06101765716036435,0.03898878513305076,0.03837385707540876,0.04481402904856029,0.039062437246341494,0.03530407615853351,0.039162688978095425,0.0303410080152973,0.028412816722445784
T:GA,0.04314805161771564,0.003135939710067002,0.07455744384751334,0.07914503691778187,0.0503880228695635,0.05792113582834862,0.06348112463121842,0.06033910228631791,0.05938914718823296,0.05101297786521243,0.05409142635309323,0.05157216734951522,0.055298265572410715,0.03921547732309562,0.040139227858581886,0.04598570399764419,0.038025679010243826,0.036872630611242546,0.03748735788670145,0.03114904592999151,0.02764503534550811
U:AA,0.04948486265782087,0.0037982009893361706,0.07712269492216248,0.08031994961536713,0.053941345852327335,0.05595467462077775,0.060812321765473215,0.062169729733592805,0.05443150602829173,0.04914999296201404,0.0524195891050628,0.05294848131807671,0.05105022418227986,0.039656933105848835,0.041088469195199,0.04648821492812171,0.037141674619853175,0.03817129710668435,0.03507100994236398,0.031823591014077446,0.026955236335268612
U:AG,0.04104037857100784,0.0028424867399465792,0.07420888924436501,0.07960473841811944,0.04976381608288667,0.05894157819003669,0.06388028754995977,0.059910421377426054,0.05966723817416784,0.05130511424435719,0.05469752060981388,0.05094473906847573,0.05711546695085051,0.03949524518425245,0.039704700165147246,0.045717136603938203,0.03809889677840668,0.03671427164985013,0.037497908816213246,0.03111852835823376,0.027730637222545082
U:CC,0.03796421493932332,0.0024873601686539164,0.07140271877728409,0.07911403862838783,0.04710236023671345,0.06051464434539246,0.06617484636042129,0.05809361696530781,0.06316216944994651,0.05346205996869849,0.055085697792922036,0.05079508140995036,0.06087784896892927,0.03877446324677636,0.03840508642247542,0.04450562720094755,0.038894839531322015,0.03534332582020971,0.03923758037018252,0.03036199241065459,0.028240426985501003
U:GA,0.04231609123025293,0.003149487273437354,0.07464972435704388,0.07941336072607282,0.050409394129576915,0.05846776515651514,0.06337781879819497,0.06030277595845519,0.05922756633550208,0.05113282991122641,0.054181410209904135,0.05133377056393603,0.05582274684768275,0.03926802172782235,0.03989410963114398,0.04600586911478895,0.0379987919174436,0.03689560384198528,0.03725706633468646,0.03120523478494102,0.027690561149387782
