 ,X,Y,1,2,3,4,5,6,7,8,9,10,11,12,13,14,15,16,17,18,19,20,MT,M
ACA,0.03386770372566371,0.0003721655774196647,0.12531546599265467,0.06816419309095281,0.07896971844560752,0.06253844915741077,0.060031261908503254,0.04410193901446738,0.064378919269334,0.05839500572880517,0.03889162093059208,0.07493569805856805,0.028252138679709216,0.028510427952243206,0.03598236762197647,0.03395231572873519,0.027259697139923444,0.027845619356681582,0.028044743845112956,0.027729198329899018,0.024305911198112325,0.028155439247627524,0,0
ACC,0.030109209442790448,0.0002602262941550093,0.13142027060110562,0.06038790837980028,0.07827161804258466,0.05924770632777899,0.06105987430385186,0.04134430849142366,0.06845577950615213,0.057219824449972354,0.03944739576824109,0.08364135338217142,0.026464329309527194,0.03219529983376333,0.03450138416420279,0.031673135230360194,0.02668945929427314,0.02833128176858007,0.02559719366485935,0.025842867830722795,0.026698019369738764,0.03114155454394486,0,0
ACG,0.024066381357971726,0.00021345833900114053,0.12310058701043225,0.06247841873410834,0.07445510573512332,0.05742029319130681,0.060940263056011884,0.044464209105463066,0.07150226537894087,0.056480657953939035,0.04037501700342161,0.07787671734558277,0.026879008883633815,0.03498205485042221,0.034034048697799496,0.03369502662997415,0.027659596731157594,0.031966432629827665,0.027498456612499868,0.028459019138005002,0.027151063629419582,0.03430191798595779,0,0
ACT,0.03565415162926078,0.0004062546906917098,0.12368742209372899,0.06961231229075436,0.0778556931129225,0.06260890562491435,0.06099857076663034,0.04496129975396302,0.06351686038543618,0.05791902968759177,0.03875163970266725,0.07448247394422727,0.028474538109626767,0.02807970423353282,0.03653600167070202,0.03399731774011447,0.027879839978072037,0.027549452127208295,0.027767263377036985,0.02773136938830117,0.024367123716789903,0.02716277597582703,0,0
ATA,0.04476075771834052,0.0007175637623051917,0.1183956047407529,0.07936327692283532,0.07935361276442043,0.06554715444895573,0.05749449444975302,0.04835340860907392,0.05911203296444435,0.058622784944690816,0.04041309445144425,0.06295715999376662,0.031063021185043265,0.022441383859164218,0.035878188115259585,0.036269586531062416,0.02811545286850342,0.026436305343917197,0.030365993759369703,0.02981272069011755,0.020448151186094242,0.02407825069068532,0,0
ATC,0.03639520381370022,0.0004713101584105112,0.12654118887521737,0.0689165361870263,0.07877120313560972,0.062395503738346486,0.060208475572441585,0.0440432822933617,0.06321983079406447,0.05909819551547453,0.03853845415856699,0.07483771934318366,0.02823017446858848,0.027943290024338607,0.035671472602069855,0.03351145628318848,0.02820595695056739,0.026907525407436454,0.027660131352091975,0.02714411192964252,0.02376204239369674,0.02752693500297596,0,0
ATG,0.0363684193926674,0.00044011686751478765,0.12732494960876908,0.06798371997671825,0.08017295015927356,0.06210235369339767,0.059944777518773064,0.04431919511656646,0.06367430204919561,0.059435847590539354,0.038481553798911036,0.07499620094560615,0.028353848227060163,0.027378996533542067,0.035422956610498005,0.033725567779431205,0.0277201946262734,0.026990489461566472,0.02765998319814434,0.026648574566119316,0.02373907234259729,0.027115929936835346,0,0
ATT,0.04432726320532738,0.0007198657977695263,0.11766474794981666,0.08030389810105325,0.07767240924648186,0.06500258615026319,0.058846715774221216,0.04888795538682609,0.05906693178947719,0.05787239869831979,0.04012280281321333,0.06236739618619171,0.030858000457087024,0.022710933169991034,0.036752942613371926,0.03650589355424022,0.028065513339261276,0.02590499066857767,0.030559135864953915,0.030561911697078992,0.020707707653061697,0.02451799988341505,0,0
CCA,0.03074144806704807,0.0002706735355055101,0.13282485500003116,0.059938342542814216,0.07883821307670089,0.059535189637723473,0.06178629986679329,0.04120160346794623,0.06819102797756475,0.05738746526962409,0.03907673828518704,0.08410777482455575,0.025964397857886522,0.031871938687508705,0.03448931540896122,0.031639190618590336,0.026710438543080212,0.027840929163540848,0.02549942124698934,0.02536694187740411,0.026483405270496897,0.030234389774047344,0,0
CCC,0.026774531452354616,0.00013043865988918038,0.13774455584970804,0.05536322508255569,0.07842757526510327,0.057466215721585334,0.06260057419630485,0.038868058633508624,0.07080556520535437,0.0565664551696967,0.03906904065027665,0.08990817384545148,0.024094549394325385,0.0356942730773275,0.0333949589450973,0.029084493638453317,0.026644092792465438,0.02800837469436758,0.023672620259785893,0.024149786173768253,0.027028753738465163,0.03450368755415534,0,0
CCG,0.02153569088820848,9.456899836354516e-05,0.13150435976788108,0.05698261849221382,0.07757810165756154,0.05404960897775025,0.06352706729200988,0.04169807545235504,0.07447240092869498,0.05445392570988424,0.039798472093922094,0.08491062544372048,0.02479215378837925,0.03805100147198702,0.03232478009281468,0.03123381019864972,0.02692749436012423,0.030806193858223255,0.025600787252647247,0.02576662564108187,0.028595472200826175,0.035296165432701136,0,0
CCT,0.02999269354903664,0.00020826261801068927,0.13279388329239036,0.058755947278490844,0.07843561405830203,0.05944919715336068,0.0617366340848814,0.04074640862046151,0.0698134266104396,0.05740051432812293,0.039030830921820976,0.08525707776480132,0.025807880611440636,0.03282264884736421,0.03437829006035013,0.03115367134778131,0.027072989719190654,0.027889356169348574,0.025040415604738263,0.024680270856465635,0.026299196290394032,0.031234790212807576,0,0
CTA,0.03899177642575383,0.00045329945844754967,0.12411579862271846,0.06974393260680618,0.07915491074413318,0.061898776492612155,0.05993046733970716,0.04517483452564017,0.06343116935214281,0.058420806311426085,0.03843016647723474,0.07425954402620846,0.02888146018586615,0.02658019656348198,0.03621448151367253,0.03394530988834659,0.02808317175904259,0.026760714046934544,0.02758173430500769,0.02776091462191616,0.02349267901317109,0.026693855719729893,0,0
CTC,0.029404106814060825,0.00020724384369027145,0.1295075536002634,0.060477840087147496,0.07752028946419001,0.05947489664078162,0.06136869672227807,0.0419076241215488,0.06871446935651662,0.057387863566999306,0.03926365970444109,0.08349942030102314,0.02643147117442459,0.032914408876341394,0.03556771386105205,0.031429258627473644,0.02741339834368385,0.028071324574216065,0.02606835660886023,0.02571341503994844,0.02602048619989515,0.03163650247116392,0,0
CTG,0.02942723138765379,0.00023202583366054925,0.130399824478769,0.06004811162314477,0.07848567664914646,0.059748611109901886,0.06204971534391626,0.04138156800707657,0.0697257219573055,0.05766211988901068,0.03896466851648864,0.08375392550272989,0.02656238708874183,0.03241353010981395,0.03451133966405445,0.03193772478863013,0.026691677281231854,0.028151306962777484,0.025600328754051747,0.02564821401052953,0.026675570422234778,0.029928720619130246,0,0
CTT,0.03586864333463457,0.0003873359362146351,0.12408531347194456,0.06849714263858339,0.07814897134381893,0.06254261150630575,0.06098476822679673,0.0450196066051098,0.06423341179213295,0.05800143156447899,0.038943046439636,0.07499625109810952,0.02824698919162747,0.028323485003481773,0.03608173881051441,0.03368851269678699,0.02830223616685558,0.027325396791668514,0.02830830726303449,0.02680024697219256,0.023856979544655644,0.02735757360141675,0,0
GCA,0.031414126861468744,0.000271116291862582,0.12866170711582037,0.06136199918796086,0.07908999227253082,0.059751018323270164,0.061533575198753125,0.04239368181163312,0.07033044753834265,0.05724221031813598,0.03902175479037603,0.08104674463988684,0.027033699624104464,0.031302144045264636,0.034026404369294445,0.032640044007282154,0.026781574570077668,0.028116200180744195,0.026551715105237652,0.02618105853230475,0.026324475121478435,0.028924310094170343,0,0
GCC,0.02702301573422625,0.00015293489813051605,0.13607592282014533,0.05455065210279032,0.07990880692065905,0.05632263197733208,0.06311177992345511,0.0401650922545895,0.07369203557640001,0.05659623702715207,0.03866994390451184,0.08756974831561891,0.024379887705776485,0.035213744265747936,0.03231378885562752,0.030639248515337694,0.026275764206651828,0.028884046308945272,0.02453927555319521,0.024006261941989276,0.028038064657261278,0.03187111653445649,0,0
GCG,0.021943217992855243,9.076822334169698e-05,0.13201427654484274,0.055694409325786606,0.07995383787498622,0.053827177302757406,0.06190879090243064,0.0433418266456603,0.0774042233157632,0.053859594525379445,0.03952631954304683,0.08250183157307814,0.02460629283125539,0.036973463261561604,0.03011884153813238,0.032140055368616235,0.02662750666173925,0.032323212676430735,0.025700374094749057,0.02697599180492612,0.028888607939626165,0.033579380053034576,0,0
GCT,0.029782974288415223,0.00022225196347800704,0.12830599795673536,0.0599286976943327,0.07839256721607918,0.058819860241667216,0.061923515045004505,0.0424882772687111,0.07095832987641701,0.0571278384815649,0.03863611176548603,0.08392888179405177,0.026574552210740888,0.033053166666565735,0.03427585526128534,0.03209633260036614,0.02700088840226273,0.02818179120548375,0.026051321430236803,0.025638913835881155,0.026725950006025633,0.02988592478920885,0,0
GTA,0.03728129854335748,0.0005143235863588364,0.12298974347622849,0.07123576983824198,0.07863031071655041,0.06208471625614096,0.05937507731129858,0.045097714970983034,0.06417326064226646,0.058554763743181956,0.03843103962374951,0.07241155261920915,0.029052121161616096,0.026710972279911822,0.03606905738158513,0.03419145077011819,0.028218786743211904,0.02758727550426498,0.028166703342061644,0.028102901175652572,0.023933624913574106,0.02718753540043672,0,0
GTC,0.028569483685946966,0.0002386904909244571,0.12801413047706273,0.06281096066734325,0.07782636062420216,0.05980434452055037,0.06166524631090586,0.04282284214955816,0.06687577132390123,0.057012549815589494,0.039558970695880026,0.08077905040082321,0.027118775924439432,0.03207734986368121,0.03545172617426881,0.032964040835522804,0.02705600916571485,0.02935362615057657,0.026527353930259942,0.026360270586612822,0.026115391823701435,0.030997054382534223,0,0
GTG,0.02999631440476966,0.0002443636910464204,0.13014313401804398,0.061103006680393104,0.07831923430919929,0.060152405069069666,0.061042587086453055,0.0418211002676588,0.06852253281623112,0.05733550933382027,0.039143840927293075,0.08117775243138516,0.026457068857525898,0.032157321881358746,0.03470300077269947,0.03230367156445797,0.026651082886955613,0.028566384014855162,0.02626775412984708,0.02666518079220829,0.026434915006414546,0.030791839058313637,0,0
GTT,0.03585583377328607,0.0004402669884606682,0.12101402820725544,0.07206237272795837,0.07719096462779998,0.06328154461120748,0.06011011388490836,0.046047967418357344,0.062838449355155,0.05840749679463006,0.03942227920657666,0.07218870201372653,0.029150011313070368,0.027396485406139225,0.03647333886416774,0.03461422430047515,0.027938570027905573,0.027447394222792066,0.02883041707519421,0.02860698393544008,0.023659401161475226,0.027023154084018404,0,0
TCA,0.035589936514797714,0.000402754894786697,0.1253702875913654,0.06765576770021182,0.07864687181940676,0.06253411071013769,0.06041002757075307,0.04429149449643132,0.0643516383722802,0.05919021895628763,0.03880492104913802,0.07536583035168583,0.02826659552185298,0.028646262556428975,0.03595036366586479,0.03344853748025507,0.02764001664891253,0.02726419759103832,0.02765861520297115,0.026765243278707027,0.024160163051599442,0.027586144975087556,0,0
TCC,0.029807491916804117,0.00024472880356791966,0.13008497031695654,0.062035476744809186,0.07735216534378145,0.06023067624939711,0.06176871639444805,0.041831357441006065,0.06727600764554219,0.05696524374631567,0.039472791039710374,0.08281360715965726,0.0264539332265498,0.03223453474732198,0.03544220887097255,0.03186476202952227,0.027626964231486056,0.02791694702306167,0.025917435289774384,0.025721533157477924,0.02562507070935626,0.03131337791248117,0,0
TCG,0.026154006669422185,0.00021268313824002698,0.1257519151514665,0.06321103384069632,0.0758857450129817,0.056780378575986064,0.06075113263803336,0.04471562659261548,0.0699426558104632,0.05564673732027271,0.03938851591311292,0.0795154034759648,0.026402805812269007,0.03494825379117726,0.0337704707520556,0.03372030963454616,0.027725052869817857,0.03123231820607792,0.026790049639441888,0.02744214416706461,0.027243506141727228,0.032769254846567175,0,0
TCT,0.034161113526939096,0.0003525803001633622,0.12529248774503632,0.06712625228967325,0.07809541718364453,0.062185650877225385,0.060686345124625944,0.04397739680450318,0.06408902484683744,0.058579258092697276,0.03937594406173625,0.07619708007546337,0.02839614579363307,0.028615529091512496,0.036675067032230876,0.03308546378580579,0.027998793391861662,0.027360231292676906,0.028036849678228504,0.027191776260376634,0.024012397394935266,0.028509195350193386,0,0
TTA,0.042854628651883137,0.000744408611356869,0.11367214627510298,0.08279108041515644,0.0762079397243072,0.06457566330850385,0.05945280021309588,0.050586489340449216,0.05889746663241911,0.05733611119038785,0.03983299561441061,0.06142441279716887,0.03146850652130483,0.02303861411569965,0.03650931818830446,0.037496313631477304,0.028621678700876167,0.026563258083849423,0.030909605487219004,0.03154817964744047,0.020843441117992332,0.024624941731594317,0,0
TTC,0.03611062732504451,0.00040220372558429177,0.12324599707055355,0.07002103738489894,0.07747934790371669,0.06325624637421486,0.060438314352909334,0.045314326596943004,0.06309899850019358,0.058612108963379414,0.039493649315940425,0.07316474189421666,0.028750675038184296,0.027809693736272137,0.03650656619509011,0.03392481922759343,0.02837039830698544,0.027193858436818305,0.028510104585498363,0.027520257410384375,0.023344104708289532,0.02743192294728876,0,0
TTG,0.0378944207266183,0.00046066926789302854,0.1238748408249187,0.07001808418439308,0.07888232305598662,0.06297246845107976,0.06017638093266575,0.045138299182822285,0.06352206438144582,0.05791093776081206,0.03912262913864323,0.0732974370898531,0.028412797567199766,0.027071608559409936,0.03614285703872756,0.03409025473115356,0.027576741158539475,0.026998717852464837,0.02880567847763385,0.027417110510329707,0.023711346969240852,0.02650233213816871,0,0
TTT,0.041142007132131696,0.0005881024246204837,0.11524817922318985,0.08008082458396874,0.07723101482486251,0.06470882200451054,0.06006720167407305,0.04955274956901748,0.05909931967375238,0.05799041012683116,0.03988329239048129,0.06335296795690291,0.030838803758705964,0.02441649121123352,0.03650448303748758,0.036348240900797364,0.028488734766391674,0.02679757456026909,0.03134556664400083,0.03010499237514966,0.02111668069139779,0.02509354047022446,0,0
