,X,Y,1,2,3,4,5,6,7,8,9,10,11,12,13,14,15,16,17,18,19
B:ACA,12677,0,24206,31458,40551,23415,28937,28244,55514,48569,25945,32484,30537,10260,13063,21554,9918,32576,14086,9581,6735
B:ACC,7174,0,14051,18697,21250,13620,16498,15534,33901,32498,15669,18060,18862,6048,6960,11495,6194,17523,9586,5701,4603
B:ACG,1304,0,3487,4428,5930,3199,4218,3711,7607,8775,3713,4338,4393,1556,1689,2521,1561,4423,2680,1309,1265
B:ACT,9715,0,17956,24270,29728,17166,19962,21036,39199,33467,19543,22783,22048,7935,9726,15518,7475,23690,10635,7164,4942
B:ATA,11778,0,18094,22502,28832,16725,18855,20644,35086,22592,16821,24571,19202,7318,10831,15423,6430,22999,8454,7218,3582
B:ATC,7885,0,13481,17145,21146,12694,15157,15610,30255,23415,13938,18351,16697,5505,7039,12205,5427,16985,7451,5767,3689
B:ATG,11306,0,19017,24170,30804,17715,21838,22452,42766,33693,19680,26277,23412,8250,10165,16981,7899,24755,10595,7758,5027
B:ATT,12989,0,19731,25467,32433,18654,20999,23941,39051,25701,19187,26736,22123,8354,11712,17780,7118,25458,9636,8336,4373
B:CCA,11034,0,21052,28655,31815,20600,25569,23736,52466,50003,24235,27957,28670,9278,10219,17729,9523,26790,14058,8770,7121
B:CCC,8301,0,17007,23913,25257,16653,21266,18725,43963,44701,20163,23512,24338,7340,7598,13419,8072,21106,12906,7163,6210
B:CCG,1366,0,4405,6255,6116,4106,5176,4112,9514,11799,4475,4893,6088,1977,1994,2860,2131,4744,3604,1521,1822
B:CCT,11239,0,21624,29624,33447,21106,26255,25106,53275,51862,25384,28563,29596,9384,10368,18487,10126,27817,14759,9106,7268
B:CTA,8631,0,14107,18791,23032,13552,15615,16795,30503,24746,15149,19224,17414,6022,7621,12778,5876,19161,8010,5866,3728
B:CTC,10169,0,20598,27271,32142,19813,24587,23705,49732,47329,23605,27362,28263,8802,9796,16804,9448,26155,13622,8615,6412
B:CTG,12011,0,25596,35710,40673,24889,31591,29426,62382,63682,29924,32859,34557,11197,12649,21692,11701,33548,17749,10336,8701
B:CTT,12980,0,23246,30033,36702,21945,25291,27463,49908,42346,24945,29831,28690,9777,12193,19816,9615,29679,13018,9611,6430
B:GCA,8297,0,16688,23030,27322,15795,20757,19659,39264,39693,19165,21913,22097,7378,8549,14421,7674,22192,11516,6740,5311
B:GCC,6811,0,14417,21305,21692,14500,18700,16017,36238,40189,17502,18524,20750,6667,6739,11989,7180,18399,10809,5803,5692
B:GCG,1238,0,3722,5641,5367,3500,4371,3531,7800,10307,3756,4095,5102,1723,1699,2445,1812,4047,3163,1218,1468
B:GCT,8643,0,18222,24780,28714,17109,21912,20734,41934,43469,21039,23305,23962,7891,8994,15221,8261,23504,12222,7342,5846
B:GTA,7154,0,12299,16375,20556,11932,13713,14398,26018,21232,12951,16069,14952,5291,7134,10869,4965,16000,6944,4939,3171
B:GTC,6075,0,12635,16652,19855,11944,14802,14097,30044,28632,13856,16089,16337,5495,6146,10317,5462,16096,8222,5025,4092
B:GTG,8848,0,18491,24486,30856,17924,23688,21167,45903,45344,21135,24484,25175,8205,9410,16010,8280,25220,12747,7329,5899
B:GTT,8799,0,16281,21361,26194,15615,17421,18876,34268,28101,16936,21023,19393,6815,8749,13893,6442,20903,9088,6464,4389
B:TCA,11271,0,20300,26214,32549,18866,23010,23764,45821,38266,21576,26371,25251,8850,10683,17776,8503,25964,11928,8381,5670
B:TCC,9651,0,18611,24535,28436,17694,21807,21400,45113,40984,20927,24828,24746,7920,8883,15592,8404,23427,12036,7894,5913
B:TCG,1253,0,3163,4283,4875,2923,3673,3014,6745,7216,3332,3669,4039,1357,1500,2321,1395,3550,2379,1153,1142
B:TCT,14195,0,25748,33107,40653,24802,28938,30505,58112,49296,27658,34621,33314,10593,13170,21868,10773,33525,14772,10819,7219
B:TTA,11415,0,19001,24823,32067,18232,19676,22663,35477,25970,18809,24822,20747,7928,11120,16472,6714,24813,9444,7534,4244
B:TTC,12239,0,21103,27053,33358,19828,22877,25264,45756,36374,22085,27681,26042,8908,11255,18219,8733,27220,11809,8836,5740
B:TTG,11107,0,19148,24979,29898,18152,21150,22350,41993,33802,20169,25089,23407,8108,10275,16801,7728,24002,10486,8042,5208
B:TTT,20047,0,33256,43240,53502,32102,34975,38759,64284,48465,33097,42743,37171,13694,19027,28582,11828,42218,16389,13042,7949
N:ACA,5147522,100944,5435513,4561015,4899050,4126988,3883593,3928575,3862812,3478583,3124821,3501736,2866822,3559254,3532203,3442195,2834330,2795540,2488435,2546513,1402966
N:ACC,2656690,50535,2718172,2335200,2400551,2139320,1993247,1985583,2066072,1757515,1624863,1745218,1523956,1819013,1803938,1710327,1450139,1361762,1291412,1272025,732695
N:ACG,360949,8615,464813,419263,416811,378379,367291,347792,349049,325655,297072,329263,283613,319475,337281,298771,262080,246584,236571,230654,142958
N:ACT,3816234,68580,3841880,3215501,3505542,2923817,2697467,2785425,2734789,2427248,2191876,2456595,1992664,2514760,2480645,2442612,2012997,1971631,1738729,1799716,991647
N:ATA,5509970,98798,5054736,4033881,4745759,3692465,3431382,3595901,3322446,3104685,2615643,3249560,2320952,3189010,3076991,3260040,2614284,2695900,2204729,2295684,1193104
N:ATC,3470733,62549,3324829,2751016,3046245,2528237,2329311,2411055,2397869,2096317,1860592,2128829,1673905,2155933,2127885,2111434,1739401,1701768,1503387,1543051,839847
N:ATG,4521239,83102,4552694,3787399,4145302,3422059,3202356,3280542,3218489,2897756,2554796,2919662,2311095,2982218,2930513,2900018,2389207,2368108,2044974,2123163,1148488
N:ATT,5877461,101859,5443708,4408369,5161147,4021805,3699331,3897171,3641275,3351490,2869327,3495933,2532029,3455623,3369008,3519861,2811280,2894879,2387140,2501091,1304212
N:CCA,4200937,76745,4261603,3674150,3758875,3365589,3121065,3116680,3264251,2749862,2553749,2718294,2395311,2851414,2808736,2681360,2275300,2128705,2022406,1995052,1145481
N:CCC,2826447,49795,2985863,2639626,2571351,2426070,2294363,2202339,2354333,1969852,1859962,1923846,1794831,2054681,2002409,1873296,1641336,1479115,1474716,1402665,845271
N:CCG,347872,7318,425346,392880,366619,369422,354256,322666,341641,299698,283637,297393,281600,300191,308436,268560,244948,215675,230152,207832,134415
N:CCT,3956606,72990,4141106,3577073,3625605,3284684,3042725,3038963,3169986,2687120,2514494,2645268,2373455,2800485,2750456,2612415,2223220,2072679,1975704,1941402,1129755
N:CTA,3410831,60792,3292665,2716031,3005736,2483956,2275992,2369913,2306578,2059707,1839503,2100365,1659904,2132573,2090029,2084812,1713291,1688465,1473875,1529349,833175
N:CTC,3743512,68937,4087543,3525249,3583413,3224631,3003683,2994146,3076226,2661094,2482956,2624263,2336768,2750482,2704979,2572262,2188947,2056963,1932239,1920106,1116811
N:CTG,4315890,79457,4670898,4065018,4106465,3715530,3450376,3427039,3572633,3034502,2857998,2984665,2702005,3173003,3114158,2950124,2509010,2339557,2238381,2205829,1275312
N:CTT,5050340,90009,5103781,4263417,4633779,3882357,3553664,3689433,3622445,3233403,2911398,3267011,2653094,3317464,3307855,3224531,2665118,2599142,2305048,2389578,1323104
N:GCA,2924475,51954,3172030,2734382,2820166,2471362,2314804,2316274,2354656,2066323,1905893,2031343,1779324,2137223,2107989,2008580,1690988,1617617,1484119,1502306,854293
N:GCC,2066726,37491,2269536,2032961,1944155,1864581,1738627,1681535,1798482,1504172,1445742,1463782,1408730,1568810,1536704,1422924,1247051,1128328,1129180,1075962,650746
N:GCG,257058,5299,332866,311293,286203,290813,282587,253689,266304,236241,224431,235460,227006,235377,242963,210792,193216,171626,182248,163687,108376
N:GCT,2933640,50872,3236021,2807133,2844158,2549162,2367160,2351953,2408125,2104204,1972730,2071815,1857198,2184410,2155706,2030122,1731440,1625870,1527887,1532136,885123
N:GTA,2837389,53715,2756876,2268997,2532581,2068364,1921026,1985420,1917968,1729650,1523274,1774369,1377089,1783681,1757216,1762777,1436002,1431767,1239044,1278251,692553
N:GTC,2249239,41830,2409235,2075600,2136367,1891297,1757756,1759032,1811598,1565026,1445058,1553403,1344996,1624788,1608368,1524356,1291440,1218858,1141005,1138607,651544
N:GTG,3236942,62412,3665088,3168991,3218990,2859793,2729151,2677689,2728775,2406630,2223351,2355588,2088361,2460633,2443388,2297269,1944849,1859740,1731413,1733373,994870
N:GTT,3657738,70712,3629121,3017231,3333953,2748936,2533589,2625130,2554261,2287651,2046926,2349392,1856459,2343372,2345044,2309460,1887227,1865117,1643662,1698678,931298
N:TCA,4543030,81004,4594754,3849184,4190855,3501520,3242558,3329102,3293226,2915374,2615377,2938115,2375782,3019905,2977386,2925290,2418802,2367698,2087598,2149272,1178436
N:TCC,3781991,69026,3840321,3275912,3406356,3015760,2786148,2811194,2911306,2474981,2281265,2451946,2117653,2564263,2526973,2429075,2046260,1926976,1807669,1796299,1026210
N:TCG,374237,8070,422064,376425,380464,346212,330400,317641,327067,290567,265779,294546,253237,289703,301158,269618,235345,221291,213017,207422,125964
N:TCT,5814137,106750,5935923,4970178,5354126,4548942,4176450,4304232,4265031,3770148,3412824,3802671,3128617,3873866,3830264,3746621,3108703,3013963,2707267,2771624,1541856
N:TTA,4793659,85369,4629848,3771935,4364833,3416721,3161624,3308402,3051899,2872545,2477206,3001888,2206161,2947914,2889017,2981154,2397830,2464593,2029106,2135625,1131767
N:TTC,5049972,91537,4971540,4119872,4565880,3768299,3444856,3597976,3511036,3128717,2786732,3180840,2519704,3216577,3194616,3162644,2589414,2552384,2238984,2322917,1264314
N:TTG,4741878,85673,4575227,3797235,4198180,3468083,3180121,3305379,3254963,2871302,2563735,2929601,2315749,2951969,2938295,2910029,2376407,2342167,2067796,2130820,1162546
N:TTT,8761972,164655,8180689,6700919,7696766,6118144,5579244,5896052,5520369,5066973,4416683,5278908,3970744,5191194,5141955,5254498,4204666,4287118,3635768,3781945,2023911
T:ACA,1091078,15361,1862197,1986453,1233222,1524757,1626874,1527677,1389934,1230746,1335188,1286117,1394832,1018264,1026668,1188016,964650,863941,964611,832675,690708
T:ACC,514917,6979,901567,998778,590668,791068,824716,741517,751318,635422,679090,629170,759601,505883,494380,581535,491005,421139,494916,403379,357615
T:ACG,82811,998,188439,215264,134593,175625,190440,158633,154411,148669,150038,150474,169006,112602,113380,121907,113145,94453,117195,93135,84298
T:ACT,773647,10353,1249836,1332083,837024,1022419,1057860,1025639,922778,800705,888476,846216,925219,683367,683898,792791,641657,578453,622342,554630,461960
T:ATA,1078881,15012,1432709,1439362,967540,1078501,1113549,1164260,933709,850036,913554,975160,882289,746238,760593,879113,695296,649488,637494,612514,479852
T:ATC,629713,8354,969135,1016234,644205,783390,809772,793492,716465,623046,674699,658167,695791,517269,521301,616756,491743,440821,471813,421375,352960
T:ATG,871678,10129,1355460,1419878,898223,1080423,1142839,1121845,995336,880731,941374,924271,957299,717760,733739,854748,688155,623489,668115,591169,483523
T:ATT,1050843,13162,1443329,1465116,987741,1093788,1116743,1179692,927617,854773,925453,969663,898616,745418,763674,892994,698022,651996,635031,617765,486151
T:CCA,785283,9913,1372747,1536797,893457,1217073,1263980,1137020,1167363,973016,1041898,955369,1168362,768336,749977,889842,751964,640098,756838,613884,546662
T:CCC,519805,5708,971215,1115312,627962,915207,951458,807080,893849,738393,768346,700752,914963,548987,525650,627532,561591,456415,577607,437365,408594
T:CCG,72502,718,169132,206555,119443,177227,185734,140673,160270,147465,142754,137879,181736,102495,98435,108354,109177,83930,116900,82620,82439
T:CCT,720363,8052,1291960,1439705,837677,1149471,1183112,1070263,1097024,917684,983920,893348,1113367,718727,692807,831396,704539,603236,711006,572177,510358
T:CTA,677895,8678,1030698,1082989,682087,832187,850526,841108,746180,648209,717348,692303,744519,558441,557558,650487,521565,471200,497596,451834,373900
T:CTC,699749,7843,1285235,1418392,839975,1136836,1174786,1064758,1071183,901661,977152,888029,1093322,709422,691468,818415,694526,601135,704897,572145,506164
T:CTG,796991,8964,1508924,1699232,989068,1343583,1399189,1253279,1268629,1082326,1161540,1052305,1301264,845830,818200,971280,824564,712643,840213,675533,593918
T:CTT,896891,10213,1446645,1538189,964276,1177250,1207868,1187240,1064634,932884,1020754,979906,1073040,775277,779069,910516,734031,664424,707004,632967,531239
T:GCA,597760,6548,1083321,1202487,715879,939370,988013,903650,876764,759443,816486,752322,891389,607514,597584,698804,587852,510943,594099,489110,421656
T:GCC,408857,4288,788604,930581,513575,753707,780496,662214,727912,603976,637126,567847,755816,458452,433619,511608,459556,377701,474405,359746,335458
T:GCG,58896,571,136817,170041,97406,143541,152439,115994,129599,121627,116312,113788,146287,84965,81192,88486,88879,68547,95445,68949,66935
T:GCT,568339,5887,1056416,1185121,697062,930394,972285,875744,867393,750595,806247,738159,902919,591580,577753,674297,574138,497720,578347,474451,416424
T:GTA,545717,7350,819472,857685,548974,652523,677660,670257,585043,519460,564946,559558,578201,436021,443229,508734,413547,377292,394892,357196,293960
T:GTC,406690,4298,739459,820076,488519,644177,672518,613292,605956,522940,555284,518921,611712,409033,401735,474331,401826,346391,404644,332542,290097
T:GTG,586925,5541,1106093,1216972,732785,946388,1028059,925845,894922,809347,837508,786312,909183,604410,600199,704952,596303,523185,613043,497697,427769
T:GTT,621613,6581,980188,1036942,664294,789265,819074,806709,701745,631451,681676,675003,709145,522375,528453,615800,494667,450693,476323,429424,356966
T:TCA,881581,10804,1414060,1509229,945590,1160597,1204789,1168248,1061963,919227,1001803,960753,1044461,764334,768366,902808,728241,650470,706970,621519,523224
T:TCC,654421,7416,1143712,1253776,746405,999067,1027677,944265,945512,798821,852394,789616,948116,625259,613262,736493,615158,528448,615445,505583,446408
T:TCG,73277,765,147729,169789,103626,136754,146714,122621,123121,115640,115559,115395,134051,85898,84996,93973,87296,72253,90214,70472,65315
T:TCT,1009132,11408,1673252,1781742,1103624,1387472,1419036,1374698,1263371,1096083,1198095,1134787,1270493,895295,891794,1052174,854350,769978,837979,731214,616486
T:TTA,913346,11955,1322014,1353748,911029,1009415,1042204,1077145,844666,787915,868625,896246,854126,698381,708571,807701,643659,604131,591060,574024,455405
T:TTC,882223,9896,1384869,1459829,926475,1119472,1141108,1138258,1000291,882066,960648,935393,996255,735035,743874,875889,696883,632775,669208,602682,502183
T:TTG,773782,8105,1163275,1226670,778802,931420,960379,958230,849131,749125,798596,792943,830417,609656,618745,735711,586166,530211,558067,503439,416761
T:TTT,1468341,17076,2108358,2191100,1449024,1640836,1674280,1726267,1381329,1282663,1400479,1436235,1410890,1114945,1124521,1299213,1026824,960214,953416,911639,732607
U:ACA,890936,9046,1508515,1600623,1004850,1218858,1304688,1247281,1113992,1023797,1076887,1045513,1112132,797654,807340,949890,772072,700628,765898,663318,547837
U:ACC,464986,5138,809248,899316,530444,710529,741547,669482,675789,578092,609975,571429,686439,447130,438564,518456,438678,378180,444157,360762,318111
U:ACG,74324,807,167476,191337,119717,154202,168374,140707,137561,133288,132086,134091,150605,98283,98349,107396,99438,82898,103220,81473,74196
U:ACT,730597,8778,1159886,1240206,779478,948629,982596,958520,860164,747960,820413,788689,858895,628730,629308,728016,596104,535805,575565,511287,428619
U:ATA,1001110,12453,1341380,1348856,906856,1009796,1041154,1093638,859361,804064,852459,914019,823625,691551,707570,818781,651014,609021,588468,570702,444402
U:ATC,605166,7211,920556,966137,612359,743101,770941,760396,687258,596649,638089,629376,659366,486550,493923,584290,468092,421655,452811,397758,332328
U:ATG,862612,10153,1352647,1421389,897566,1080441,1138909,1114799,991580,876643,940874,922667,957994,721067,730063,859054,687037,619381,662740,591706,484732
U:ATT,1162063,16833,1585859,1603898,1080769,1202525,1231700,1290294,1034689,931111,1023509,1061082,992718,827433,847658,981391,766999,715640,708329,682602,540910
U:CCA,735791,8251,1259066,1402221,821698,1105226,1153659,1044844,1062782,899520,947440,881142,1063372,693115,678669,807209,680806,587483,689174,556833,490205
U:CCC,527635,6135,963994,1109197,623730,904327,949294,808357,884406,740593,759747,705395,904658,544360,521976,618953,555805,452626,575198,435338,402575
U:CCG,74156,750,173166,210928,120604,180856,189491,143886,162735,150819,145603,141158,184391,105863,101047,112280,111811,86369,118938,85166,83945
U:CCT,768800,9642,1354492,1521161,880658,1209047,1251593,1129975,1158883,965518,1038193,948884,1174499,758324,737777,877815,746860,637610,757128,606217,540455
U:CTA,638626,7494,942179,992973,627337,757414,774892,774569,692211,595726,652822,635092,678061,503295,505199,590469,476827,431484,454099,409012,339992
U:CTC,719807,8717,1294412,1431972,848208,1130860,1185043,1075487,1074917,915158,985196,909935,1092727,715070,701107,827083,702828,606087,713299,577412,509366
U:CTG,849272,10106,1591549,1800082,1043956,1426945,1483388,1323500,1350912,1137704,1225321,1110426,1381617,901266,873646,1029760,881034,750578,897049,716001,637690
U:CTT,1032991,14209,1641076,1743754,1089894,1336608,1380604,1352899,1225720,1047600,1163675,1111685,1213790,889117,899534,1042209,839309,756306,817015,724685,611750
U:GCA,561598,5845,1014627,1121206,671282,873349,921630,845875,815330,714045,760841,707731,830347,562377,553193,649966,546833,477464,548481,455890,390590
U:GCC,408737,4339,790806,936113,514711,757793,783837,664573,727457,608968,640032,570545,761471,460151,434815,514489,458920,379935,476369,361001,335506
U:GCG,60790,566,145303,179391,103689,151953,161280,122801,136898,126871,123210,119787,153457,89864,87200,93516,94556,72763,101647,72857,71213
U:GCT,602740,6544,1114436,1251538,734258,983951,1026516,924369,922004,785763,852123,774073,951161,630124,614951,715254,610134,524758,615804,502519,443167
U:GTA,580367,8078,880184,923683,590539,705464,731814,716787,625332,553561,609889,599929,624701,478558,480160,553104,445498,405073,427508,386974,318294
U:GTC,440535,5594,799149,882181,527768,693985,725907,660712,652223,561392,597665,560589,656215,445338,440230,516724,434296,375433,438100,359966,312373
U:GTG,676851,8285,1309978,1448792,861076,1138023,1223089,1088713,1069419,933744,994566,923440,1087449,731442,726248,841952,713997,617696,733532,595650,514776
U:GTT,764685,11738,1212691,1277867,816100,976366,1019039,987233,871415,766827,850638,828003,880256,664757,671679,772452,616642,559758,599870,541207,449104
U:TCA,840948,9594,1351448,1438460,900974,1104278,1150364,1121119,1015694,884119,953764,921384,992132,724482,731651,859571,695448,623905,675804,591791,493307
U:TCC,704983,9167,1186653,1298830,777768,1026767,1069314,984609,981081,828748,881199,829185,974306,649992,644084,764330,641860,553317,644684,526426,460968
U:TCG,78144,929,156017,179819,110921,145946,156011,130387,130005,122305,123618,122370,142425,91851,91306,99442,92572,77064,95830,75602,69523
U:TCT,1138556,15563,1840391,1955875,1214989,1510187,1563228,1513599,1402724,1196955,1316274,1255488,1381627,991566,997444,1168430,946913,846288,932972,807075,686566
U:TTA,995741,14970,1441213,1468257,984967,1099976,1136145,1167802,932728,852352,949425,974287,932756,765743,777070,883781,700810,656573,651007,628949,500487
U:TTC,997102,13730,1520366,1592680,1016296,1219224,1257009,1253119,1115081,958914,1053888,1028517,1082151,810928,829198,963652,771557,697393,745068,665750,556287
U:TTG,966886,14081,1478037,1564562,985492,1196276,1238171,1209492,1083998,934255,1034505,997957,1071838,804623,812586,948634,750567,677732,729123,653785,544985
U:TTT,1874134,31477,2646592,2738956,1802620,2060547,2124106,2149204,1788331,1580020,1786622,1786763,1793475,1426039,1449021,1652448,1296474,1210055,1233536,1162329,946051
