 ,X,1,2,3,4,5,6,7,8,9,10,11,12,13,14,15,16,17,18,19,20,MT,M
ACA,0.03388031281184449,0.125362121458974,0.06818957090198155,0.07899911919841965,0.06256173248070383,0.060053611795613304,0.04411835834877706,0.06440288780726229,0.05841674643097163,0.038906100441928194,0.07496359692890454,0.028262657067796265,0.028521042502494758,0.03599576400627253,0.03396495631631469,0.02726984603792029,0.027855986395943222,0.02805518501924526,0.027739522025130848,0.024314960389385576,0.02816592163411604,0,0
ACC,0.030117046690241542,0.1314544785128991,0.060403626991805875,0.0782919916774409,0.05926312815199802,0.06107576782457552,0.04135507016807802,0.06847359813684274,0.057234718428646046,0.03945766368983911,0.08366312472707657,0.026471217816441336,0.03220368007808821,0.034510364668510415,0.03168137955835638,0.026696406401178173,0.028338656232072677,0.025603856461542413,0.025849594574924438,0.026704968704780334,0.031149660504662176,0,0
ACG,0.024071519624568022,0.1231268694674752,0.06249175812099811,0.07447100219155488,0.05743255264859977,0.06095327404064529,0.04447370238810407,0.07151753139240136,0.05649271679543185,0.04038363722754703,0.07789334432948258,0.026884747657213187,0.034989523656024264,0.034041315100378236,0.033702220650014755,0.027665502163297002,0.03197325758828491,0.027504327640593372,0.028465095249956565,0.02715686048775178,0.034309241579677775,0,0
ACT,0.03566864218245801,0.12373769111115826,0.0696406041128378,0.0778873352081963,0.06263435112385685,0.06102336179360077,0.04497957291644564,0.06354267489517144,0.05794256912809079,0.038767389136349764,0.07451274509643901,0.02848611072572866,0.0280911163813295,0.03655085062521729,0.034011134923212775,0.027891170897077856,0.027560648770049635,0.027778548542683055,0.027742639965919497,0.0243770269983531,0.027173815465824012,0,0
ATA,0.044792899479815816,0.1184806221417372,0.07942026602772946,0.07941059492968507,0.06559422248602828,0.057535780040546075,0.04838813017781523,0.0591544800757247,0.0586648807372278,0.040442114247098974,0.06300236821013362,0.031085326889158337,0.022457498546313074,0.03590395148977221,0.03629563096056972,0.028135641985621494,0.026455288700409935,0.030387798942707208,0.029834128579666275,0.020462834574659063,0.02409554077758046,0,0
ATC,0.036412365331372654,0.1266008571452534,0.06894903256648746,0.07880834630979305,0.06242492523975,0.06023686581921299,0.04406405012780765,0.06324964099238,0.059126062229229975,0.03855662628821067,0.07487300775232808,0.02824348591040698,0.02795646619084761,0.0356882928570297,0.03352725802047718,0.02821925697304158,0.026920213177373527,0.02767317400011369,0.027156911257789372,0.023773246966490448,0.027539914844603983,0,0
ATG,0.03638443279525554,0.12738101214081335,0.06801365393303549,0.0802082511635245,0.062129698021470524,0.05997117184306582,0.044338709330426614,0.06370233852287965,0.059462017827561726,0.0384984976370951,0.07502922257201661,0.02836633272856354,0.0273910517974571,0.03543855371574864,0.03374041750629271,0.027732400123344353,0.027002373661677914,0.027672162183481896,0.02666030821745896,0.02374952490910525,0.027127869369724698,0,0
ATT,0.04435919587325309,0.1177495117960627,0.08036174777472525,0.07772836323669256,0.06504941299784534,0.05888910802895241,0.04892317350615151,0.05910948268438553,0.05791408907025044,0.0401517066535553,0.06241232468409108,0.030880230078547823,0.022727293771452963,0.036779418859070406,0.03653219182965595,0.028085731296627062,0.02592365221916352,0.030581150189031455,0.030583928020822628,0.020722625162155933,0.024535662267507054,0,0
CCA,0.03074977121633918,0.13286081690707355,0.05995457065842404,0.0788595582721468,0.059551308600966475,0.06180302831097117,0.04121275867104365,0.06820949048150841,0.05740300274332526,0.03908731818779436,0.08413054673708509,0.025971427636026893,0.031880567913539784,0.034498653281415076,0.03164775682882201,0.02671767030936332,0.02784846700656392,0.025506325134191165,0.02537380989623797,0.026490575568243527,0.03024257563891832,0,0
CCC,0.026778024341964263,0.13776252540890532,0.05537044752952891,0.07843780658747919,0.05747371251562473,0.06260874079655171,0.03887312919238618,0.07081480219325278,0.05657383458486474,0.03907413742839914,0.08991990287708014,0.02409769266506304,0.03569892959786372,0.03339931550705326,0.0290882878757423,0.026647568665611486,0.028012028545831874,0.023675708487472927,0.024152936650457327,0.027032279792815087,0.034508188756051876,0,0
CCG,0.021537727689543106,0.13151679717965833,0.05698800779102935,0.07758543883479975,0.05405472087856055,0.06353307555132773,0.04170201917053774,0.07447944437514821,0.05445907585013919,0.03980223615152757,0.08491865611597174,0.02479449857927482,0.038054600257416485,0.032327837304007775,0.031236764228154894,0.02693004110713762,0.03080910744465477,0.025603208522432107,0.025769062595520295,0.028598176701751885,0.03529950367140607,0,0
CCT,0.029998941207069973,0.13282154505509175,0.058768186494866,0.07845195266735258,0.059461580777844525,0.061749494196203535,0.04075489634187043,0.0698279691661085,0.057412471199681445,0.03903896127810117,0.0852748373256732,0.025813256547828668,0.03282948600206695,0.03438545126445195,0.031160160844456414,0.027078629185396944,0.02789516568958493,0.025045631673560328,0.024685411904975637,0.02630467457078606,0.031241296607029005,0,0
CTA,0.03900945939257081,0.12417208576194866,0.06977556183119714,0.07919080789446577,0.06192684789922824,0.059957646108217806,0.045195321540418804,0.06345993570663175,0.05844730044106374,0.038447594751114034,0.07429322110310083,0.0288945580733929,0.026592250816375947,0.03623090496327144,0.03396070425719488,0.028095907618750762,0.026772850165415626,0.027594242760307208,0.027773504336391037,0.0235033330613195,0.026705961517623153,0,0
CTC,0.029410201897345736,0.12953439880696227,0.06049037634524756,0.07753635839712998,0.059487225001941486,0.061381417643201604,0.041916311018957694,0.06872871295916216,0.057399759313746385,0.039271798542919754,0.08351672862887663,0.026436950069572456,0.03292123159891697,0.03557508657873424,0.03143577349800275,0.02741908077937502,0.028077143389331913,0.02607376023515082,0.0257187450915361,0.02602587990328173,0.031643060300606735,0,0
CTG,0.02943406085016056,0.13043008762858543,0.06006204756980352,0.07850389158003593,0.05976247754857671,0.0620641158221303,0.0413911718282262,0.0697419038806945,0.05767550209546617,0.03897371142437272,0.08377336308713873,0.02656855167909432,0.03242105263157895,0.03451934904479399,0.031945136885647415,0.026697871877211125,0.028157840309149296,0.025606270070211722,0.025654166439884614,0.026681761280139334,0.02993566646709846,0,0
CTT,0.0358825419326078,0.12413339479663361,0.06852368432400391,0.0781792529779637,0.06256684589413615,0.06100839897212955,0.045037051073451684,0.0642583013414426,0.058023906308551844,0.03895813632584295,0.07502531109722316,0.028257934505144515,0.028334459958056765,0.036095719980006206,0.033701566524608706,0.02831320288780336,0.02733598500101123,0.02831927633644719,0.026810631693319997,0.02386622379079156,0.027368174278823525,0,0
GCA,0.031422646052747076,0.12869659886047874,0.06137863993722021,0.07911144067296998,0.05976722219092549,0.061550262477679245,0.04240517854639639,0.07034952043945851,0.057257733822610415,0.03903233709287138,0.08106872369164014,0.027041030888126996,0.03131063286794366,0.03403563198362904,0.0326488956548055,0.026788837460353227,0.028123825007893326,0.026558915659967274,0.02618815856874662,0.026331614051038708,0.02893215407249808,0,0
GCC,0.02702714912852498,0.13609673676071773,0.05455899607729751,0.0799210296351848,0.05633124699085219,0.06312143339344099,0.04017123583845023,0.0737033073842067,0.05660489389083296,0.03867585879303646,0.08758314283464629,0.024383616811729642,0.035219130499883185,0.03231873151753986,0.030643935042421723,0.02627978330263411,0.02888846436329982,0.02454302903884108,0.024009933898784207,0.028042353311708346,0.0318759914859672,0,0
GCG,0.021945209920570596,0.1320262603339277,0.055699465067271844,0.07996109580158858,0.05383206354352407,0.061914410763494895,0.04334576106338142,0.07741124979737396,0.053864483708866914,0.03952990760252877,0.08250932079753606,0.02460852650348517,0.03697681958177987,0.030121575620035663,0.03214297292916194,0.026629923812611443,0.032326146863349,0.025702707083806127,0.02697844059004701,0.02889123034527476,0.03358242827038418,0,0
GCT,0.029789595084413947,0.1283345205559109,0.059942019925956075,0.07840999399120002,0.058832935977205326,0.06193728072725863,0.04249772247097362,0.07097410401038941,0.057140538078347,0.03864470062607819,0.08394753929949023,0.02658045977011494,0.03306051443081157,0.03428347483088136,0.03210346765908782,0.02700689073675641,0.028188056056288886,0.02605711267469132,0.025644613401562287,0.026731891221337054,0.029892568471244985,0,0
GTA,0.037300483061578626,0.1230530325532436,0.07127242692846833,0.078670772950636,0.062116664321707545,0.05940563102849907,0.04512092172526459,0.06420628344823633,0.05858489533665796,0.03845081578522259,0.07244881475344057,0.029067071041839282,0.026724717432426093,0.03608761809474677,0.03420904528897713,0.028233307799334032,0.027601471592123023,0.028181197596677452,0.028117362598423144,0.023945940875764064,0.027201525786733783,0,0
GTC,0.02857630457811552,0.12804469352782116,0.06282595662577306,0.07784494147149797,0.05981862265695878,0.061679968732922925,0.04283306599510833,0.06689173774562251,0.05702616141805391,0.03956841530035317,0.08079833619535556,0.02712525046378908,0.03208500825005173,0.03546019018447222,0.032971910917126326,0.027062468719659175,0.029360634254780697,0.02653368726910024,0.026366564034726262,0.026121626807627894,0.031004454851083472,0,0
GTG,0.03000364620650153,0.13017494404785326,0.06111794168621271,0.0783383773642426,0.060167107725593076,0.06105750732430892,0.04183132232398324,0.0685392813279981,0.05734952347505639,0.03915340859873531,0.0811975941752019,0.02646353558475953,0.03216518188392708,0.034711482998806754,0.032311567338316256,0.026657597035761697,0.028573366308111837,0.026274174584127653,0.026671698386872583,0.02644137631872814,0.03079936530490143,0,0
GTT,0.03587162686641773,0.12106733015610426,0.07209411338614463,0.07722496423023562,0.06330941765786091,0.0601365900403017,0.04606824974793752,0.06286612723566923,0.05843322301375238,0.03943964317950527,0.0722204983150248,0.02916285075354656,0.027408552487000745,0.036489403944152954,0.03462947051316997,0.027950875875852273,0.027459483726997237,0.028843115746901918,0.028619584193583986,0.023669822202813856,0.027035056727026475,0,0
TCA,0.03560427631135745,0.12542080143305062,0.0676830273707794,0.07867855999455933,0.06255930677715665,0.06043436780820116,0.044309340300121965,0.06437756675240419,0.05921406771189883,0.038820556218173236,0.07539619653889017,0.028277984618572814,0.028657804627516548,0.03596484868471282,0.033462014470372434,0.027651153286245064,0.027275182804419002,0.02766975933398048,0.026776027454827402,0.024169897596162792,0.02759725990659764,0,0
TCC,0.02981478845431117,0.13011681364908495,0.0620506623291616,0.07737110028058385,0.060245420038963694,0.06178383667887831,0.041841597285049006,0.06729247605269568,0.05697918819487087,0.03948245353332551,0.08283387899575878,0.026460408850749764,0.03224242539751364,0.03545088472357637,0.0318725621635272,0.027633727000432998,0.027923780776522203,0.025923779585336263,0.02572782949840947,0.025631343437369527,0.03132104307387914,0,0
TCG,0.02615957036894326,0.12577866615290756,0.06322448062164852,0.07590188806473365,0.05679245737404874,0.0607640561281829,0.044725138875509746,0.06995753459846514,0.05565857496066532,0.039396894968371704,0.07953231865908872,0.026408422438429183,0.034955688276659284,0.033777654689657384,0.03372748290145458,0.02773095077545516,0.031238962206595382,0.026795748643354846,0.02744798188999133,0.027249301608708216,0.03277622579712937,0,0
TCT,0.03417316231076416,0.12533667898893572,0.06714992803145453,0.07812296180096596,0.06220758404588072,0.060707749481160256,0.04399290783715346,0.06411162934435563,0.058599919269822984,0.03938983214057576,0.07622395514044643,0.028406161246491847,0.028625621921882078,0.03668800249916442,0.03309713318295798,0.028008668696677914,0.02736988137366707,0.02804673840567418,0.02720136692649243,0.024020866679319245,0.02851925067615722,0,0
TTA,0.0428865537718223,0.11375682783734574,0.08285275672073401,0.076264711832538,0.06462376979924075,0.05949709035951018,0.05062417441182421,0.058941343075769655,0.057378824481441375,0.03986266972902857,0.061470171722340566,0.03149194939962633,0.023055777034665777,0.03653651628565648,0.03752424700408183,0.028643000797324798,0.02658304673275339,0.03093263200485535,0.031571681879306444,0.020858968713927003,0.02464328640620723,0,0
TTC,0.03612515699777633,0.12329558701499908,0.07004921143871383,0.07751052292480903,0.06328169850911652,0.0604626326490194,0.04533255952127273,0.0631243873639666,0.05863569245733797,0.03950954020020507,0.07319418086645224,0.0287622433196036,0.02782088339922435,0.036521255179986514,0.03393846940642933,0.02838181357814541,0.027204800308856303,0.028521576069653113,0.02753133061412767,0.02335349757201842,0.027442960608286476,0,0
TTG,0.037911885567186984,0.12393193245751248,0.07005035422979176,0.07891867846581856,0.06300149130195401,0.06020411511830145,0.04515910259355276,0.06355134053096184,0.05793762784541507,0.03914066003784771,0.07333121852860638,0.028425892502288,0.027084085365186666,0.03615951461585301,0.03410596630168054,0.02758945077062755,0.027011161064257248,0.028818954484297575,0.02742974655159212,0.023722275092340397,0.026514546574927897,0,0
TTT,0.04116621708421137,0.11531599684052929,0.0801279480244818,0.07727646129911861,0.06474689981327739,0.0601025481283532,0.049581908809805834,0.05913409657932842,0.058024534496255886,0.039906761653768615,0.06339024791539925,0.030856950806291538,0.02443085905868149,0.036525964045504344,0.036369629968364306,0.0285054989194212,0.026813343552624568,0.03136401189544236,0.030122707612532724,0.021129106770319477,0.025108306726288308,0,0
