,X,Y,1,2,3,4,5,6,7,8,9,10,11,12,13,14,15,16,17,18,19,20,21,22,MT,M
B:ACA,1836,0,3009,2796,3625,1293,1377,2829,1924,1209,1143,1574,3355,1976,741,2395,1299,3114,2980,753,2900,552,1081,656,0,0
B:ACC,1437,0,2668,2196,2757,957,1228,2573,1524,1097,1071,1346,2858,1738,448,2089,993,2863,2958,511,2887,603,790,763,0,0
B:ACG,493,0,985,786,1030,403,491,845,648,462,368,512,938,616,197,830,356,1197,1200,294,1179,265,402,332,0,0
B:ACT,1530,0,2604,2416,2962,1069,1134,2314,1460,985,954,1223,2565,1638,594,2063,1109,2526,2463,534,2275,466,775,538,0,0
B:ATA,1314,0,1822,2009,2573,997,789,1546,965,739,738,867,2100,1166,555,1391,989,1414,1454,486,1289,273,572,252,0,0
B:ATC,1472,0,2258,2102,2779,920,1025,2102,1356,847,912,1203,2541,1453,582,1731,1015,2085,2187,574,1903,422,615,525,0,0
B:ATG,1863,0,2875,2681,3565,1244,1272,2656,1692,1088,1138,1539,3409,1830,726,2198,1234,2791,2695,645,2629,511,854,670,0,0
B:ATT,1747,0,2447,2723,3521,1255,1075,2208,1422,940,953,1196,2580,1662,753,2018,1273,2029,2164,699,1753,393,848,276,0,0
B:CCA,2294,0,4261,3411,4300,1513,1946,4108,2406,1744,1689,2247,4705,2713,703,3333,1568,4456,4388,830,4469,903,1352,1180,0,0
B:CCC,1909,0,3909,2937,3438,1164,1745,3543,2283,1744,1487,2033,4294,2571,427,2899,1230,4520,4707,748,5294,920,1337,1337,0,0
B:CCG,1002,0,1816,1415,1777,671,929,1366,1097,1009,763,829,1967,1271,240,1519,574,2130,2572,568,2662,595,555,741,0,0
B:CCT,2310,0,4167,3286,4197,1408,1839,3967,2348,1695,1570,2195,4411,2870,591,3102,1530,4411,4464,822,4503,891,1496,1219,0,0
B:CTA,1003,0,1636,1558,1996,695,702,1475,822,594,615,813,1699,987,368,1285,725,1413,1515,346,1264,288,511,290,0,0
B:CTC,2195,0,3899,3000,3894,1354,1696,3530,2180,1543,1396,1940,3900,2740,590,2847,1404,4077,4220,863,4268,808,1234,1149,0,0
B:CTG,2677,0,5067,4028,5156,1913,2315,4738,2970,2259,2005,2630,5327,3413,823,3967,1822,5534,5344,1109,5129,1079,2139,1448,0,0
B:CTT,2209,0,3585,3382,4307,1424,1590,3248,2048,1358,1329,1784,3611,2416,802,2927,1701,3559,3438,849,3174,702,1125,779,0,0
B:GCA,1781,0,3354,2755,3648,1403,1555,2919,2051,1477,1329,1707,3586,2281,635,2624,1228,3715,3409,754,3203,760,1626,981,0,0
B:GCC,2038,0,3744,2933,3646,1325,1763,3254,2223,1829,1526,1952,4352,2513,466,3044,1261,4356,4373,882,4732,966,1405,1342,0,0
B:GCG,868,0,1581,1462,1666,597,845,1077,1033,1004,748,678,1611,1056,216,1453,539,1945,2166,471,2312,618,431,738,0,0
B:GCT,1947,0,3583,2868,3718,1449,1662,3064,2065,1685,1397,1798,3596,2473,568,2840,1323,3813,3866,853,3653,817,1467,1089,0,0
B:GTA,1091,0,1704,1710,2102,763,781,1569,954,627,652,778,1786,1042,413,1379,774,1563,1611,338,1428,316,484,316,0,0
B:GTC,1215,0,2325,1830,2402,842,1042,2061,1286,949,888,1169,2361,1451,414,1703,807,2512,2551,512,2392,474,754,688,0,0
B:GTG,1612,0,3021,2585,3214,1133,1381,2898,1961,1294,1177,1634,3399,2004,593,2373,1121,3463,3252,645,3663,673,1096,865,0,0
B:GTT,1369,0,2203,2059,2643,983,1019,2016,1342,869,806,1068,2156,1456,560,1908,1045,2140,2182,597,1748,418,695,417,0,0
B:TCA,2048,0,3229,2997,3890,1334,1404,2922,1954,1280,1246,1699,3472,2207,773,2512,1362,3272,3250,763,3080,572,953,772,0,0
B:TCC,2127,0,3825,2978,3869,1316,1712,3597,2107,1514,1410,1959,3873,2587,620,2807,1414,3763,4087,826,3994,814,1194,1035,0,0
B:TCG,627,0,990,853,1071,400,531,832,602,469,409,459,923,657,207,809,400,1112,1246,327,1253,303,263,377,0,0
B:TCT,2311,0,3856,3411,4518,1465,1673,3666,2162,1397,1422,1954,3993,2583,823,3045,1699,3855,3734,961,3425,711,1280,825,0,0
B:TTA,1288,0,1917,2177,2684,1013,824,1664,1095,774,727,867,1906,1239,565,1647,1086,1666,1703,502,1269,290,664,220,0,0
B:TTC,2219,0,3411,3304,4246,1396,1542,3307,2003,1314,1279,1753,3444,2358,831,2862,1648,3297,3336,930,3165,687,1075,637,0,0
B:TTG,1803,0,2883,2660,3520,1242,1312,2485,1714,1066,1083,1415,2986,1929,703,2328,1273,2758,2730,710,2225,528,936,610,0,0
B:TTT,2636,0,3793,4410,5611,1981,1675,3546,2257,1540,1399,1919,3821,2721,1219,3395,2125,3709,3433,1141,2758,658,1451,502,0,0
N:ACA,1526,1321,5273,4115,1388,1756,1446,1394,5558,1239,2977,2576,2869,3404,915,3978,3600,5210,3446,490,1698,673,747,2209,0,0
N:ACC,1366,897,4478,2956,1020,1574,971,1119,4589,936,2141,2242,2229,2178,737,3088,3081,4607,2853,348,1430,487,412,2198,0,0
N:ACG,565,224,1560,854,327,675,375,424,1749,352,670,909,627,538,270,1061,1028,2080,843,134,560,169,137,709,0,0
N:ACT,1222,1077,4267,3337,1002,1289,1098,1203,4251,837,2176,1913,1946,2723,778,3109,2740,3686,2761,325,1186,487,527,1774,0,0
N:ATA,736,1127,2563,2696,810,1004,1034,784,3274,534,1941,1867,1880,2080,601,1798,1640,2468,2259,288,746,368,506,920,0,0
N:ATC,1155,1117,3917,2952,1069,1357,1139,1003,3979,760,2099,2062,1963,2254,712,2188,2500,3275,2569,352,1158,464,494,1680,0,0
N:ATG,1378,1369,4932,3701,1309,1519,1312,1252,4759,1060,2712,2465,2727,2548,860,2803,3029,4382,3319,480,1545,573,641,2026,0,0
N:ATT,1025,1473,4126,3746,1261,1505,1488,1246,4569,825,2647,2466,2461,2842,872,2212,2340,3412,3139,441,1109,593,723,1229,0,0
N:CCA,2186,1366,7151,4783,1589,2144,1582,1764,7297,1514,3486,3536,3339,3530,1140,4618,5067,7250,4497,535,2278,840,663,3455,0,0
N:CCC,2021,868,6619,3778,1287,2560,1216,1731,6981,1255,2956,3895,2837,2465,900,3780,4610,6917,3829,464,2427,734,435,3710,0,0
N:CCG,1061,331,2757,1303,605,1704,548,649,2921,576,997,2208,1045,716,424,1374,1458,3358,1624,227,1113,296,191,1422,0,0
N:CCT,2285,1375,7245,4616,1546,2259,1553,1870,7778,1646,3367,3579,3006,3199,996,4083,5362,6900,4386,513,2167,784,704,3713,0,0
N:CTA,767,759,2512,1973,675,777,760,748,2522,440,1418,1299,1294,1633,491,1534,1644,2046,1749,216,660,270,363,889,0,0
N:CTC,2147,1354,6767,4365,1484,2221,1423,1748,7568,1570,3136,3259,2887,2695,950,4023,5362,6282,3992,452,2111,719,641,3392,0,0
N:CTG,2804,1579,8715,6142,1908,2660,1869,2131,9117,1939,4003,4173,3740,4702,1327,5734,6291,8825,5327,561,2497,1008,817,4695,0,0
N:CTT,1734,1492,6226,4053,1472,1941,1651,1725,6129,1291,3208,2957,2720,3028,998,3324,3922,4707,3786,500,1654,765,715,2111,0,0
N:GCA,1831,1099,5490,3824,1250,1761,1207,1341,5298,1212,2500,2813,2613,2369,888,3207,3957,5886,3387,448,1523,648,545,2707,0,0
N:GCC,2137,907,6047,3515,1232,2391,1215,1465,6623,1392,2650,3743,2420,2043,864,3021,3962,7068,3596,433,2023,645,491,3295,0,0
N:GCG,1049,288,2507,1069,501,1372,522,612,2535,498,852,1837,812,500,326,984,1238,3019,1302,199,983,291,165,1116,0,0
N:GCT,2005,1075,5995,3792,1270,1801,1323,1453,6078,1306,2619,3017,2462,2722,910,3454,4329,5955,3479,377,1634,659,526,2947,0,0
N:GTA,738,712,2778,2194,669,890,773,720,3012,489,1327,1303,1312,1670,494,1940,1742,2475,1861,269,715,267,419,949,0,0
N:GTC,1249,705,3889,2558,924,1409,948,1032,3975,930,1844,1797,1782,2195,623,2770,2427,3742,2384,268,1263,454,377,2000,0,0
N:GTG,1599,1084,5195,3650,1223,1682,1159,1357,5377,1215,2748,2552,2770,2601,895,4149,3720,6063,3143,408,1863,655,519,2690,0,0
N:GTT,1078,1006,3688,2828,910,1292,1000,1025,3759,704,2050,1947,1783,2354,671,2359,2521,3246,2483,350,996,426,503,1215,0,0
N:TCA,1615,1468,5816,4227,1437,1844,1521,1555,5966,1261,3152,2689,2877,3322,999,3660,3488,5082,3684,437,1683,675,673,2613,0,0
N:TCC,2036,1271,6641,4222,1488,2149,1504,1703,6760,1418,3077,3340,2741,3234,949,3954,4822,5829,4052,485,2095,792,659,3113,0,0
N:TCG,655,287,1558,786,356,784,372,386,1592,358,589,930,556,447,242,746,1010,1655,858,107,481,145,127,778,0,0
N:TCT,1961,1666,6762,4836,1731,2266,1729,1830,7279,1475,3649,3207,3252,3451,1094,3981,4818,5399,4254,519,1974,830,788,2692,0,0
N:TTA,793,1234,3045,2993,908,1060,1104,1017,3545,585,1926,1904,1750,2128,675,1744,1886,2674,2365,367,825,416,544,871,0,0
N:TTC,1686,1497,6163,4176,1524,2041,1613,1674,6029,1250,3353,3045,2773,3307,1001,3356,3812,4610,3857,477,1688,792,747,2089,0,0
N:TTG,1347,1231,4828,3454,1206,1632,1400,1286,4821,979,2623,2417,2420,2772,855,2771,3055,4086,3159,455,1243,586,655,1596,0,0
N:TTT,1792,2187,6500,5558,2021,2411,2330,2219,7349,1340,4358,4093,3729,4166,1495,3569,4056,5288,4774,759,1793,973,1104,1838,0,0
T:ACA,29193,2060,81394,63171,47708,34242,38462,40326,38515,27766,32307,32292,45783,43840,15751,24217,28212,31437,43139,13666,45950,18165,8295,15376,0,0
T:ACC,23349,1511,64738,45311,35625,22229,27501,30360,29514,20595,25805,23592,37193,33329,10361,18667,22020,30029,40151,9160,44906,15997,6610,14924,0,0
T:ACG,8261,463,22205,15387,11642,7818,10020,10114,11090,7942,9733,8723,13301,11101,4045,6713,7399,12885,15107,3330,20069,6442,3024,6291,0,0
T:ACT,25167,1676,66593,52067,38805,27916,31423,33581,30519,21861,25373,26201,35273,35469,12961,20330,23690,24647,34557,11183,34978,14251,6419,11763,0,0
T:ATA,21518,2161,53921,49792,34696,29188,30155,30379,26433,20781,19618,23130,27443,31388,13634,18152,19211,13959,22939,11026,18360,9280,4745,6131,0,0
T:ATC,24223,1631,61082,48534,35254,26392,29913,31011,27755,20495,23002,24576,32573,32770,12405,19156,21635,22062,31377,10345,28995,12934,5647,10518,0,0
T:ATG,26068,1709,69746,53417,41430,28724,32492,34624,32315,23116,27546,27127,40010,37466,13552,20778,24209,26961,37764,11598,42235,15855,6376,13265,0,0
T:ATT,25912,2143,64157,60936,41096,35271,36549,36886,31927,25054,24486,28619,31846,38059,17047,21387,23131,18086,28128,13506,26543,11694,6043,7646,0,0
T:CCA,37921,1997,107691,71795,57977,35380,44369,48708,48067,33295,42541,37857,63625,54615,15919,30747,36825,49443,66189,14177,77260,26490,10152,25086,0,0
T:CCC,29221,1105,86329,49942,41616,21716,30447,37630,38286,25828,35022,28326,53823,41216,10611,23388,28421,47232,61093,9575,82025,23533,8320,23590,0,0
T:CCG,13117,474,40527,24680,18854,11881,16552,17883,20233,14503,18163,15237,25205,18758,6188,11892,13178,25068,29597,5725,42413,12881,4821,12531,0,0
T:CCT,37047,2020,102163,66759,52827,32409,40556,46704,43789,31568,40028,36431,56871,50172,15354,29249,35662,46907,63874,13311,72072,25630,9391,23759,0,0
T:CTA,13574,1033,34831,29263,20805,15955,17865,18168,16014,11853,12782,14168,17620,19437,7786,11521,12425,11094,17094,6294,14522,6542,3161,5085,0,0
T:CTC,36670,1810,100123,65337,51808,32134,40516,46389,44064,31171,39355,35944,56472,49671,14666,29537,36113,46726,63230,13417,75580,25131,9441,23630,0,0
T:CTG,44304,2419,126992,84522,67908,41873,52199,58154,56387,39716,50664,45940,72086,62358,19796,35933,44260,57260,77564,17439,85087,31418,12097,29306,0,0
T:CTT,38077,2190,97843,77835,55952,41670,45946,50402,44161,32915,37748,39835,50074,51758,19716,30463,35018,35511,51445,16408,51095,21599,9210,17352,0,0
T:GCA,29595,1581,84157,57820,46189,28743,34989,38187,38527,27783,34383,31207,51322,41949,13289,24710,28621,40503,52833,11854,57533,21757,8702,20582,0,0
T:GCC,29503,1245,86143,51748,42484,23649,32257,36458,38602,27253,36028,29614,53714,40216,11311,24432,28942,47111,59170,10236,76252,24841,8504,24187,0,0
T:GCG,11331,349,32955,21033,15819,10394,14698,14725,17459,12220,15348,12914,21379,15232,5329,9827,11392,21238,24689,5106,38361,11349,4067,11501,0,0
T:GCT,30890,1403,87605,58273,46451,28651,36061,40054,39710,27893,35363,32060,50801,43519,13489,25854,30837,41205,55871,12117,60894,22646,8491,21502,0,0
T:GTA,16737,1208,44527,35103,25923,19395,21581,22555,21286,15273,17077,17315,24654,23852,9127,13879,15265,15488,22736,7319,24680,9388,3996,7676,0,0
T:GTC,21687,1012,62497,42237,33103,21511,27113,29080,27974,19627,25387,23159,35992,30923,10059,17858,20923,28967,38219,8930,45787,15939,6110,14847,0,0
T:GTG,24933,1412,69608,46991,38794,23878,29232,32373,33939,22395,28618,26292,43346,34716,10959,19975,23426,34337,43774,9910,56150,18216,6909,17050,0,0
T:GTT,22268,1444,57561,46599,34201,25848,28713,30037,28080,19500,22554,23584,30705,31908,12252,17875,20607,20824,30384,10320,31995,12506,5440,10130,0,0
T:TCA,34650,2122,90895,69320,51946,36568,42162,45014,40588,29183,35060,35047,49379,47717,16847,27751,31473,34844,48785,14574,49521,20055,8574,16957,0,0
T:TCC,35129,1739,99270,65931,51408,33732,41604,46372,43898,31421,38773,36195,54654,49857,15747,28737,34568,44160,60129,13783,70371,24077,9213,22138,0,0
T:TCG,9711,404,24717,17512,13046,9108,11496,12082,12344,8981,10780,9994,14886,12619,4319,7894,8745,13602,16785,3962,21896,7534,2854,7052,0,0
T:TCT,39743,2354,103935,80127,58625,42848,48725,53010,46828,34458,39910,41380,53610,54363,20245,32170,37836,38090,55400,17033,58758,22305,9618,18414,0,0
T:TTA,19962,1833,50291,49303,32646,28102,29008,28985,25164,19937,18946,22839,24415,29923,13806,17140,18468,14291,22026,10761,18339,9049,4962,5894,0,0
T:TTC,36555,2163,94794,76574,54681,42062,46332,49874,43664,32640,36634,38819,47249,50949,19978,29890,33896,32757,47928,16624,49860,19890,9023,15468,0,0
T:TTG,29652,1741,74212,59131,43649,32324,35625,38203,35104,24773,29072,30182,40770,40647,15106,22600,26199,27172,39801,12719,41296,16792,6648,13733,0,0
T:TTT,38166,2873,95248,93144,61229,53093,54901,55892,47531,37004,37778,44588,45699,55664,26515,32277,35482,28039,42509,20341,39362,18130,9640,11645,0,0
U:ACA,27962,1785,76167,59759,45134,32785,36896,38679,36701,25634,30318,30803,42169,40558,15234,22844,27246,29351,40938,13164,45562,17070,7073,14205,0,0
U:ACC,25444,1365,69974,46044,37491,22862,28630,32079,32496,21686,28279,25431,42848,35145,10628,19767,23101,33343,44167,9321,55947,17911,6551,16863,0,0
U:ACG,8679,428,24234,16858,12713,8672,11231,11406,12322,8853,10761,9820,14822,12067,4356,7537,8378,13925,16758,3856,22528,7487,3229,7219,0,0
U:ACT,23683,1513,64278,48631,36946,26497,30108,32070,29953,20742,24485,24474,35092,33947,12280,19554,21670,23197,33556,10217,34938,13672,5647,11530,0,0
U:ATA,17699,1721,43555,42336,28192,24725,25180,25019,21941,17090,15855,19299,21383,25645,12030,15018,15837,11510,18324,9193,16569,7447,3997,4683,0,0
U:ATC,21809,1455,57109,42937,33464,23083,26765,28568,26402,18682,22241,22278,32557,30889,10942,17041,19750,21941,31556,9375,32992,12748,5251,10553,0,0
U:ATG,31488,2064,79858,63357,47317,34473,38589,40558,36200,27027,30980,31649,43621,42874,15907,24655,28047,28525,41100,13661,42886,17263,7280,14158,0,0
U:ATT,26754,2450,68433,64134,43513,37269,38555,38753,33954,26614,25597,30208,34275,40303,17791,22796,24477,19081,29190,14239,23655,12347,6298,8207,0,0
U:CCA,38177,1911,103568,67582,55324,32670,41416,46993,46846,31356,41510,37135,62420,51131,15011,29012,34905,48198,65027,13687,75850,26665,9526,24990,0,0
U:CCC,33652,1052,101217,56918,47708,24750,35156,42295,46522,29270,41874,33655,65080,48806,11825,27188,32261,56913,73173,10725,102735,28215,9340,28908,0,0
U:CCG,14052,436,40021,24877,18807,11902,16236,17673,20192,14116,18413,15166,25537,18868,6089,11660,13230,25319,29879,5658,43649,12905,4787,12927,0,0
U:CCT,36731,1843,106555,66474,54955,30921,41011,46415,48194,31462,42414,36692,65687,52657,14376,29748,34795,52720,69020,12728,85867,27127,9831,26202,0,0
U:CTA,17231,1103,44570,33910,25765,18080,21028,22028,20348,14337,16310,16907,25118,23760,8478,13676,15128,15016,23143,6959,22686,9024,3769,7500,0,0
U:CTC,31003,1367,90175,57870,46270,28265,36110,41097,40914,26696,35468,31535,54614,46165,12974,25365,29918,43196,56558,11559,68294,22582,8442,21336,0,0
U:CTG,43126,2208,127806,81828,66759,39157,50365,56052,56930,38937,51227,44377,77277,62401,17859,36004,42857,61509,81323,16142,92357,32435,12540,31502,0,0
U:CTT,31516,2200,87260,65576,50219,34807,40091,42811,40486,28575,33432,33694,48357,47230,16523,26669,29792,32858,46658,13787,47315,18841,7882,15876,0,0
U:GCA,28702,1485,79237,55129,43866,28070,33316,37180,36090,26595,32515,29783,46272,40225,13430,23475,28216,36353,49122,11601,53471,20502,7866,19181,0,0
U:GCC,32416,1282,92333,56101,46097,25145,35049,39045,42522,28712,39317,32360,58438,42858,11865,26249,30776,51337,64302,11271,83573,26915,9171,26546,0,0
U:GCG,11304,359,33877,21522,15937,10680,14910,15161,17429,12857,15310,13095,21154,15272,5403,10290,11549,21615,24524,5123,37267,11231,4143,11164,0,0
U:GCT,28921,1457,85390,56116,45103,27549,34719,38045,38243,26941,33942,30528,51395,42554,12724,24817,29259,40744,54579,11330,58702,21923,8589,20901,0,0
U:GTA,16604,1414,42896,36797,26372,20076,21984,22807,20252,15363,16602,17932,22050,24242,9466,13671,15567,14268,21427,7859,19291,8623,4071,6777,0,0
U:GTC,18909,982,52157,35238,27752,17824,21949,24242,23609,16080,20886,19098,29876,26316,8470,14637,17424,24045,31371,7518,37479,12897,5433,11924,0,0
U:GTG,29829,1634,85369,58518,47091,29453,36143,38815,39426,27384,34559,31277,50917,43404,13138,24491,29321,40914,53056,11973,64998,22030,9145,20708,0,0
U:GTT,20413,1675,53748,44917,32205,24602,27053,28281,26002,19180,20852,22228,28366,29430,11934,16941,18795,19468,26733,9861,23626,11142,5605,8803,0,0
U:TCA,30142,2147,81702,61699,47554,33357,37971,40555,38157,26443,31636,31807,45407,43361,15778,23997,27813,31930,43953,13235,50011,18097,7587,15013,0,0
U:TCC,31044,1544,87672,56809,45468,27448,34970,39958,40225,26482,34644,31138,52253,44563,12964,24387,29050,41534,55332,11465,65644,21863,8410,20666,0,0
U:TCG,8415,461,22270,15358,11902,7948,10375,10557,11195,7799,9545,8778,13289,11499,4035,6824,7549,11990,15046,3478,19315,6579,2605,6074,0,0
U:TCT,33663,2057,94042,68291,52274,35495,42018,45765,42511,29531,35735,35021,53447,50705,16597,27755,32118,36167,50829,14186,51503,20308,8634,17681,0,0
U:TTA,20347,2019,52599,50427,33835,29754,30406,30266,26388,21067,19611,23365,25649,30933,14360,18273,18888,14037,21935,11400,17329,9133,5023,5806,0,0
U:TTC,31408,2399,85719,65764,49504,34944,40394,42722,40915,28637,32760,33702,47049,46467,16933,25830,29276,32221,45325,13896,47285,18467,8030,15476,0,0
U:TTG,26847,1881,70951,58255,42522,31831,34757,36714,33051,24606,27432,28971,38220,39338,14907,22223,24815,25116,35242,12490,29852,14709,6730,11582,0,0
U:TTT,42721,4025,111059,103047,71754,60200,62369,62720,57430,43749,43456,50262,56116,66418,29007,38220,39930,34082,50043,23348,38924,21605,11312,14835,0,0
