 ,X,1,2,3,4,5,6,7,8,9,10,11,12,13,14,15,16,17,18,19,20,21,22,MT,M
B:ACA,0.04133552468649391,0.06774433212508724,0.06294887092779791,0.08161289596325731,0.029110475718756332,0.031001643514870433,0.06369182970484275,0.04331674809194678,0.02721930792264223,0.025733390368552583,0.03543688227480469,0.07553414233289056,0.044487471013350745,0.01668280163000653,0.05392079609158656,0.02924555913276448,0.07010829187022986,0.06709142895738118,0.01695296845802283,0.06529031677060584,0.012427674088749802,0.0243375284238017,0.014769119931557736,0.0,0.0
B:ACC,0.03746578021118498,0.0695606830921653,0.05725459522878373,0.07188111067657411,0.02495111458740712,0.0320166862208317,0.06708382218745926,0.03973406335549472,0.028601225394342327,0.02792334767305436,0.0350932081866771,0.07451440490157737,0.045313518446095685,0.011680354582192673,0.05446486768348325,0.02588971450919046,0.07464476600182506,0.07712162690653108,0.013322904445313519,0.07527049928301395,0.015721548689870943,0.0205970538391344,0.019893103897796898,0.0,0.0
B:ACG,0.03324566727358554,0.06642389911659585,0.05300424843212624,0.06945849349248095,0.027176478521815362,0.03311079641243509,0.05698293883606447,0.0436981590127453,0.031155168925753592,0.024816238451682515,0.0345269404545148,0.06325443387956033,0.04154022523433812,0.013284779823319172,0.055971407377436104,0.024007013284779822,0.0807202103985434,0.08092251669026906,0.01982601658911592,0.07950637264818936,0.01787038910243442,0.027109043091240136,0.022388562950974442,0.0,0.0
B:ACT,0.04226869630079841,0.07193966350802553,0.0667458629168163,0.08182998591043457,0.029532834212780065,0.031328563140591764,0.06392794983009642,0.04033483437853966,0.027212199906069563,0.026355775340497833,0.033787330441749315,0.07086222615133851,0.04525236898085477,0.01641019974030997,0.05699367350885433,0.030637898168356492,0.06978478879465148,0.06804431306461861,0.014752603806945328,0.06285051247340939,0.012873995082465398,0.02141061413929331,0.01486311020250297,0.0,0.0
B:ATA,0.04996197718631179,0.06927756653992395,0.07638783269961977,0.09783269961977187,0.03790874524714829,0.03,0.058783269961977185,0.036692015209125475,0.028098859315589354,0.02806083650190114,0.03296577946768061,0.07984790874524715,0.044334600760456276,0.021102661596958176,0.05288973384030418,0.03760456273764259,0.05376425855513308,0.055285171102661596,0.018479087452471482,0.049011406844106466,0.010380228136882129,0.021749049429657795,0.009581749049429657,0.0,0.0
B:ATC,0.0451409120181545,0.06924468704958754,0.06446073169983747,0.08522187126253489,0.028213070011346562,0.031433039958293725,0.06446073169983747,0.04158361188628906,0.025974424238707106,0.027967738967769634,0.03689165567788034,0.07792327271612132,0.0445582507896593,0.01784783342022141,0.053083504553957495,0.031126376153822563,0.0639394032322365,0.06706737403784231,0.017602502376644485,0.05835812199086142,0.01294121254868288,0.018859823974976233,0.01609984973473581,0.0,0.0
B:ATG,0.044564047362755654,0.0687716780289439,0.06413108479846909,0.08527688075589045,0.02975720607582825,0.03042698241837101,0.06353307020691305,0.040473627556512376,0.026025595024518598,0.027221624207630666,0.03681377825618945,0.08154526970458079,0.043774668101901684,0.017366343738787225,0.05257744288960651,0.029518000239205838,0.06676234900131563,0.06446597296974046,0.015428776462145676,0.06288721444803254,0.012223418251405334,0.02042817844755412,0.016026791053701712,0.0,0.0
B:ATT,0.048615555864755806,0.06809517183804091,0.07577570613607904,0.09798246834562405,0.03492416863781828,0.029915124530402116,0.061444274384305,0.039571448448587725,0.02615834144983999,0.02652010574648671,0.03328231529149854,0.07179629887296507,0.04625017392514262,0.02095450118269097,0.05615695004869904,0.0354250730485599,0.056463058299707804,0.06021984138026993,0.01945178795046612,0.04878252400166968,0.010936412967858633,0.023598163350493948,0.007680534298038125,0.0,0.0
B:CCA,0.03790545118062096,0.07040764057568698,0.056362464680513556,0.07105206629323023,0.025000413093408683,0.03215519093177349,0.06787950891455576,0.0397561096515144,0.0288173961896264,0.02790859069052694,0.03712883557229961,0.07774417951387168,0.04482889671012409,0.01161618665212578,0.055073613245427054,0.025909218592508138,0.07362976916340323,0.07250615509178936,0.01371470116822816,0.07384457773591764,0.014920933921578347,0.022340091541499362,0.019498008889770154,0.0,0.0
B:CCC,0.03380196897797295,0.06921524187265388,0.05200439124583894,0.06087541610595651,0.0206105248247043,0.03089808060060911,0.06273461293292726,0.04042425100927828,0.030880373964161767,0.02632976839719527,0.035997591897443164,0.07603229690487995,0.04552376230611233,0.007560733763014377,0.05133153906084,0.02177916283022877,0.08003399674197889,0.08334513775763155,0.013244564062610667,0.09373893335222042,0.016290105531553228,0.0236737729300942,0.0236737729300942,0.0,0.0
B:CCG,0.03569901667379222,0.06470001425110446,0.05041328202935728,0.06331053156619638,0.02390622773264928,0.03309819010973351,0.0486675217329343,0.0390836539831837,0.03594841100185264,0.02718398175858629,0.02953541399458458,0.07007980618497933,0.04528288442354282,0.008550662676357419,0.054118569189112155,0.020450334900954825,0.07588713125267209,0.09163460168163033,0.020236568334045888,0.09484110018526436,0.021198517885136096,0.01977340743907653,0.026400171013253527,0.0,0.0
B:CCT,0.03895972475207448,0.07027929568913176,0.05542063010186872,0.0707852661404574,0.023746879848883493,0.03101598866626189,0.0669061593469608,0.03960062065708696,0.028587330499898807,0.026479120286041963,0.03702017135532618,0.07439452202658031,0.04840450651015314,0.009967617891115159,0.05231734466707144,0.02580449301760777,0.07439452202658031,0.07528840315725562,0.013863590366322606,0.07594616474397896,0.015027322404371584,0.02523105983943871,0.020559266005531943,0.0,0.0
B:CTA,0.04438053097345133,0.07238938053097345,0.06893805309734513,0.08831858407079646,0.030752212389380532,0.031061946902654868,0.06526548672566372,0.036371681415929204,0.026283185840707966,0.027212389380530975,0.035973451327433625,0.07517699115044248,0.04367256637168142,0.016283185840707964,0.05685840707964602,0.032079646017699116,0.0625221238938053,0.0670353982300885,0.015309734513274336,0.05592920353982301,0.012743362831858408,0.02261061946902655,0.012831858407079646,0.0,0.0
B:CTC,0.04010817329654467,0.07124454108575291,0.05481754892466242,0.07115317850421181,0.02474098708133097,0.030990187658742487,0.06450198256801944,0.039834085551921354,0.028194492663584703,0.025508432766276245,0.035448681637948364,0.07126281360206115,0.05006669468452501,0.010780784621850274,0.05202185392950463,0.02565461289674201,0.07449704898861623,0.0771100188206918,0.015769181573994553,0.07798709960348639,0.01476419317704241,0.022548285124344473,0.020995121238145707,0.0,0.0
B:CTG,0.03672556659166987,0.06951380124019096,0.055259836470394556,0.07073478571036602,0.02624430664544806,0.03175931515118257,0.06500027437853262,0.040745212094605715,0.030991055259836472,0.027506447895516654,0.03608077704000439,0.07308072216429787,0.046822696592218625,0.01129067661746145,0.054422981945892554,0.024995884322010647,0.07592053997695221,0.07331394391702793,0.015214289633979038,0.07036437469132414,0.014802721835043626,0.029344784064094825,0.019865005761949186,0.0,0.0
B:CTT,0.04302101388591349,0.0698190741425984,0.06586558124135782,0.08388026564356243,0.02773287631215066,0.030965781837303055,0.06325588641984926,0.039885485033205444,0.026447504235885252,0.025882719535708025,0.03474399672814381,0.07032543283930902,0.04705240812510955,0.015619218260073616,0.05700430404892204,0.03312754396556761,0.06931271544588778,0.06695619997273453,0.0165345589810505,0.06181471166767289,0.013671684811186632,0.02190975129997858,0.01517128556682961,0.0,0.0
B:GCA,0.036510116643775244,0.06875627805908038,0.05647690699247658,0.07478321477624485,0.028761198007420923,0.031877165289764454,0.059838871691847234,0.04204505852688547,0.03027818207908817,0.027244213935753676,0.034993132572107996,0.07351222812160473,0.04676000901990529,0.013017363317685163,0.05379143518993051,0.025173735675775404,0.07615670035464628,0.06988376622045468,0.015456837703204116,0.0656608105614891,0.015579836411717677,0.033332650007174926,0.02011028884196716,0.0,0.0
B:GCC,0.036441662941439426,0.06694680375502905,0.052445239159588736,0.06519445686186857,0.023692445239159587,0.031524362986142154,0.05818506928922664,0.0397496647295485,0.0327045149754135,0.02728654447921323,0.034903889137237375,0.07781850692892267,0.044935181046043805,0.008332588287885561,0.05443004023245418,0.022548055431381313,0.0778900312919088,0.07819400983459991,0.015771122038444343,0.08461332141260616,0.01727313366115333,0.025122932498882432,0.02399642378185069,0.0,0.0
B:GCG,0.034561019311168624,0.06295042803105713,0.058212223770654985,0.0663348596456301,0.023770654987059527,0.03364523193310771,0.042882739398765676,0.04113079832769261,0.03997610989448537,0.029782998208242085,0.026995819231534938,0.06414493330678878,0.042046585705753536,0.008600437985267769,0.057853872187935494,0.021461278120645032,0.07744375870993431,0.08624328090782402,0.018753732828986663,0.09205653991638463,0.02460680868007167,0.01716105912801115,0.02938482978299821,0.0,0.0
B:GCT,0.03773694615652983,0.06944605961933559,0.0555878590533783,0.07206264294297787,0.028084661007093847,0.03221304802884056,0.05938675039733302,0.04002403380238012,0.03265883629879443,0.027076791875024226,0.03484901345117649,0.06969802690235298,0.04793193006938792,0.011009032057991239,0.055045160289956194,0.025642516571694383,0.07390394231887429,0.07493119354963755,0.016532930185680507,0.07080280652789084,0.01583517463270923,0.028433538783579487,0.02110710547738109,0.0,0.0
B:GTA,0.04511806790455316,0.07046854968777139,0.07071667838385509,0.08692775319465697,0.03155369918531078,0.032298085273561886,0.0648856540258881,0.03945246267730863,0.025929448740746867,0.02696331830776229,0.03217402092552003,0.07385964186758198,0.04309168355320293,0.017079525247094825,0.05702824531657086,0.032008601794797566,0.0646375253298044,0.066622554898474,0.01397791654604855,0.0590546296679211,0.013068111327074977,0.020015714817418633,0.013068111327074977,0.0,0.0
B:GTC,0.03723795513056271,0.071257815373299,0.05608679661640309,0.0736177516243717,0.025806056148093663,0.031935760696334435,0.06316660536962118,0.03941400024518818,0.029085448081402475,0.02721588819418904,0.035828123084467325,0.07236116219198235,0.04447100649748682,0.012688488414858404,0.0521944342282702,0.024733357852151527,0.07698908912590413,0.07818438151281108,0.015692043643496384,0.07331126639695967,0.014527399779330636,0.02310898614686772,0.021086183645948265,0.0,0.0
B:GTG,0.03577690480946357,0.06704840535321925,0.05737177353130479,0.07133186852209424,0.025145926271167632,0.030650065472623566,0.06431852986217458,0.043522649088931796,0.02871917793017733,0.026122467097232396,0.03626517522249595,0.0754377788135029,0.04447699580531327,0.013161107042191002,0.0526666222784473,0.02487959695496815,0.07685820183323346,0.07217524469005926,0.014315200745722085,0.08129702376989147,0.014936635816854208,0.0243247442128859,0.019197904876045897,0.0,0.0
B:GTT,0.043187482254960725,0.06949746048771255,0.0649547304331367,0.08337802454336099,0.031010441969778226,0.03214612448342219,0.06359822076406196,0.04233572036972775,0.027414114009905677,0.02542666961102874,0.03369191457143759,0.06801476387267737,0.0459320483296003,0.017666172434461655,0.06019117322313007,0.032966339632165054,0.06751001608883561,0.06883497902142023,0.018833401684595727,0.05514369538471245,0.013186535852866022,0.021924981860626518,0.013154989116375911,0.0,0.0
B:TCA,0.04358281373028878,0.06871528590581175,0.06377817028792747,0.08278180928262859,0.028388414802834584,0.029878061756506567,0.06218211998042178,0.04158243067821498,0.027239258581430486,0.02651571577536124,0.036155859632695624,0.07388648890213019,0.046966440382200846,0.016449958502692003,0.053457044966057334,0.028984273584303378,0.06963035474878168,0.06916217999191335,0.01623715179502458,0.06554446596156711,0.01217254367857675,0.020280479240705668,0.016428677831925264,0.0,0.0
B:TCC,0.03981058620947817,0.07159167477727034,0.055738564048813354,0.07241521299693045,0.02463127947892491,0.03204312345586584,0.06732424945721345,0.03943625065508722,0.028337201467395372,0.0263906565845624,0.036666167552594144,0.07249008010780864,0.04842030396047017,0.011604402186119637,0.05253799505877068,0.026465523695440592,0.07043123455865838,0.07649547053979187,0.015460058396346486,0.07475481021187393,0.015235457063711912,0.022347832597140075,0.019371864939731975,0.0,0.0
B:TCG,0.04146825396825397,0.06547619047619048,0.05641534391534392,0.07083333333333333,0.026455026455026454,0.03511904761904762,0.05502645502645503,0.03981481481481482,0.031018518518518518,0.02705026455026455,0.030357142857142857,0.06104497354497355,0.04345238095238095,0.01369047619047619,0.05350529100529101,0.026455026455026454,0.07354497354497354,0.0824074074074074,0.021626984126984126,0.08287037037037037,0.02003968253968254,0.017394179894179893,0.024933862433862433,0.0,0.0
B:TCT,0.042195402508718435,0.07040479103142289,0.06227975679672808,0.08249192061202505,0.026748708210849202,0.030546477021672843,0.06693567529076667,0.03947488542788804,0.025507129945772245,0.02596359254322701,0.035677116617064394,0.072906206065475,0.04716171556902628,0.015026748708210849,0.055597144369990324,0.031021198123025798,0.07038653252752469,0.06817725355584363,0.01754642224616115,0.06253537585130274,0.012981796271613505,0.023370884989683944,0.01506326571600723,0.0,0.0
B:TTA,0.04635261093317019,0.06898909562025407,0.07834598913160831,0.09659193147874906,0.03645589664231475,0.029654154820599563,0.05988411847266707,0.03940691690358801,0.02785475222226221,0.026163313779825097,0.031201641055169684,0.06859322704861986,0.04458919638679958,0.02033324936121208,0.059272321589232374,0.039083024435887286,0.05995609457660057,0.06128765249937021,0.018066002087307013,0.045668837945801996,0.010436535070356641,0.023896066505920036,0.00791737143268435,0.0,0.0
B:TTC,0.044340979937654866,0.06816001918311886,0.06602190072735992,0.08484533610422827,0.02789545200223803,0.030812884661497883,0.06608184797378307,0.04002477819518824,0.026256893933338663,0.025557509391735272,0.035029174326592596,0.06881943889377348,0.04711853568859404,0.016605387259211894,0.05718967308768284,0.03293102070178243,0.06588202381903925,0.06666133802254016,0.018583646391175764,0.06324434497642074,0.013727919430900808,0.021481096634961235,0.01272879865718168,0.0,0.0
B:TTG,0.044084207437834665,0.07049072104452432,0.06503826499425414,0.08606567397735886,0.030367490647693098,0.032079023937015574,0.06075943177094795,0.04190811511283894,0.026064206948825153,0.0264798650333749,0.03459742291987579,0.07300912002738454,0.047164967358615126,0.01718868431991002,0.056920707107753245,0.03112545539010734,0.0674344115993056,0.06674979828357662,0.01735983764884227,0.05440230812489303,0.012909851096603829,0.022885645125797698,0.014914790092667302,0.0,0.0
B:TTT,0.04568457538994801,0.06573656845753899,0.07642980935875217,0.09724436741767764,0.03433275563258232,0.02902946273830156,0.06145580589254766,0.03911611785095321,0.026689774696707105,0.024246100519930674,0.03325823223570191,0.06622183708838822,0.047157712305025995,0.021126516464471404,0.05883882149046794,0.03682842287694974,0.06428076256499134,0.05949740034662045,0.01977469670710572,0.04779896013864818,0.011403812824956672,0.0251473136915078,0.008700173310225304,0.0,0.0
N:ACA,0.026091268145057876,0.09015678697830287,0.0703575153452904,0.023731769453040848,0.03002376596508626,0.024723442816352352,0.02383435635269376,0.0950296647118163,0.02118419477832681,0.05090020004445432,0.044043975584317885,0.04905363585070187,0.058200967736420056,0.015644502197069435,0.06801511446988219,0.061552139791748596,0.08907962453194727,0.05891907603399046,0.008377930138321336,0.029032092601774754,0.011506830577735223,0.012772069006787833,0.03776907688888129,0.0,0.0
N:ACC,0.029039115646258502,0.09519557823129252,0.06284013605442176,0.021683673469387755,0.0334608843537415,0.02064200680272109,0.02378826530612245,0.09755527210884354,0.01989795918367347,0.045514455782312925,0.04766156462585034,0.04738520408163265,0.046301020408163265,0.01566751700680272,0.06564625850340136,0.06549744897959184,0.09793792517006802,0.06065051020408163,0.00739795918367347,0.030399659863945577,0.010352891156462585,0.008758503401360545,0.04672619047619048,0.0,0.0
N:ACG,0.03400337024554646,0.09388541165142032,0.051396244583533944,0.01967982667308618,0.04062349542609533,0.02256860857005296,0.025517573423206548,0.10525999037072702,0.02118440057775638,0.04032258064516129,0.05470630717380838,0.03773471352912855,0.03237843042850265,0.01624939817043813,0.06385411651420318,0.061868078960038514,0.12518054886856042,0.05073423206547906,0.008064516129032258,0.033702455464612424,0.010170919595570534,0.008245064997592682,0.0426697159364468,0.0,0.0
N:ACT,0.02737639178260188,0.09559334184645026,0.07475860832941282,0.022447745144162916,0.028877388713399198,0.024598427313663553,0.026950735936554875,0.09523489481820015,0.018751260165333693,0.04874879584201447,0.04285682281515335,0.043596119810919196,0.061003203620314986,0.017429486748661425,0.0696507381768488,0.06138405358783072,0.08257723413311827,0.061854515312408986,0.007280955261330287,0.02656988596903914,0.010910231422362615,0.01180634899298788,0.03974281425723055,0.0,0.0
N:ATA,0.022441076927767784,0.07814739152971309,0.08220264048541025,0.024697380858005304,0.030612556026465836,0.03152727383602159,0.023904625423056988,0.09982620361618441,0.016281977010092385,0.059182242278257156,0.056925938348019636,0.057322316065493796,0.06342043479586548,0.0183248467847669,0.054822087386041406,0.05000457358904778,0.07525078513278653,0.06887825105954813,0.008781290971735219,0.022745982864286366,0.011220538463883892,0.015428240387840351,0.02805134615970973,0.0,0.0
N:ATC,0.028101506046081602,0.0953018174740274,0.07182306999829688,0.02600909953529111,0.03301622831561276,0.02771222111384151,0.024403299189800734,0.09681029658645775,0.018491034281404344,0.051069317048247,0.05016909564244179,0.047760395124206226,0.05484051482932289,0.01732317948468407,0.05323471448383251,0.060825770662514295,0.07968175956789372,0.06250456193279968,0.008564268509282012,0.028174496970876622,0.011289263034962653,0.012019172282912825,0.040874917885209604,0.0,0.0
N:ATG,0.026844853113067873,0.09608041767318631,0.0720992753058521,0.02550066235486636,0.02959167770591444,0.025559105431309903,0.024390243902439025,0.09271020026494195,0.020649887010052208,0.052832541104963764,0.048020727811111975,0.053124756487181485,0.049637652926050026,0.016753681913815942,0.054605314423751265,0.059008026182498244,0.08536585365853659,0.06465752357204083,0.009350892230967038,0.030098184368425155,0.011162627600716901,0.012487337333437232,0.03946855762487338,0.0,0.0
N:ATT,0.02214923179981416,0.08915876137173974,0.08094733885083302,0.027248957365429913,0.03252155498411738,0.03215420187133997,0.026924822265920436,0.09873155131058625,0.017827430473021155,0.057199040560105455,0.05328781035935778,0.053179765326187955,0.061412796853728635,0.01884305378481751,0.04779912267433066,0.050565075523478185,0.0737299306350887,0.06783067182401625,0.009529571925578581,0.023964388357067226,0.012814140933941266,0.015623311796356721,0.02655746915314303,0.0,0.0
N:CCA,0.029443456710306556,0.09631754754592964,0.06442271429341091,0.021402402887775444,0.02887775443133452,0.021308119174613435,0.0237594957168256,0.09828403642045148,0.020392220246753946,0.04695328915467917,0.047626744248693495,0.04497333117827703,0.04754592963741178,0.01535477614352675,0.06220031248316362,0.06824793922741232,0.09765098863207801,0.06057055115564894,0.007205969505953343,0.030682614083292925,0.011314045579440763,0.008930014546630031,0.04653574699639028,0.0,0.0
N:CCC,0.029982049342056463,0.09819454952749715,0.05604759149643212,0.019092972539943923,0.037978251516904774,0.018039669470529766,0.025679825537407094,0.10356491165605947,0.018618244395982614,0.04385301229842598,0.05778331627279066,0.04208761701306986,0.036568902339519635,0.013351729048911834,0.0560772620054297,0.06839052323942617,0.10261545536813683,0.05680418947587046,0.00688355808743899,0.03600516266856558,0.01088907680211254,0.006453335706974053,0.055038794190514335,0.0,0.0
N:CCG,0.037127760086783076,0.09647618714350702,0.04559610875879203,0.021170871680022397,0.059628372467368865,0.01917626062917731,0.022710571438569478,0.10221506806172796,0.020156069566434544,0.03488819680162368,0.0772649333379991,0.03656786926549323,0.02505511425272072,0.014837106764180985,0.04808062427826574,0.05102005109003744,0.11750708611820695,0.05682891836091962,0.007943451027049726,0.038947405255975086,0.010357980193862196,0.0066836966791475666,0.049760296742135286,0.0,0.0
N:CCT,0.031064344657884362,0.09849504465924386,0.06275405467868456,0.02101771415364955,0.030710877278844976,0.021112878448006307,0.025422461492448034,0.10574112592955123,0.022377204073031797,0.04577402558560028,0.048656144214690646,0.040866266976630365,0.04349008252103811,0.013540519597047189,0.055507973408377174,0.07289584947727612,0.0938048044373751,0.05962722786410539,0.006974183286430931,0.02946014655301331,0.010658400967956822,0.009570809032451024,0.05047786070666286,0.0,0.0
N:CTA,0.028748125937031483,0.09415292353823089,0.07395052473763118,0.025299850074962518,0.029122938530734634,0.02848575712143928,0.028035982008995503,0.09452773613193403,0.01649175412293853,0.05314842578710645,0.048688155922038984,0.048500749625187405,0.061206896551724135,0.018403298350824587,0.057496251874062966,0.0616191904047976,0.07668665667166417,0.06555472263868066,0.008095952023988006,0.024737631184407798,0.010119940029985007,0.013605697151424288,0.03332083958020989,0.0,0.0
N:CTC,0.03102870191057028,0.09779749689279417,0.06308350435008815,0.02144694626701737,0.03209815879989594,0.02056536693933,0.02526230598028731,0.10937364511373819,0.022689828597855306,0.045321848715206524,0.047099459490707284,0.04172327080382692,0.0389484637396306,0.013729514119721363,0.058140879266988466,0.07749226811573258,0.09078821863167327,0.05769286354308177,0.006532358296962164,0.03050842558603347,0.010391074370610168,0.009263809000780415,0.049021591467468276,0.0,0.0
N:CTG,0.030818266747266034,0.09578501950871023,0.06750563279661483,0.02097048964114964,0.029235588283783042,0.020541847557289664,0.023421443095015662,0.10020333021926692,0.021311205143705006,0.04399626312029455,0.04586470297301753,0.04110567675990548,0.05167884816178491,0.014584821673902291,0.06302137715007969,0.0691432653734132,0.09699401000164862,0.058548112326207616,0.006165851513985822,0.0274440841897016,0.011078749244380941,0.008979502115733362,0.05160191240314337,0.0,0.0
N:CTT,0.02860583664648531,0.10271046076183249,0.06686243133114472,0.024283616807166307,0.03202072025999307,0.02723658379662471,0.028457363445898016,0.10111024959994722,0.02129765577313295,0.05292244749822657,0.04878169490406981,0.044871900621937744,0.04995298348648069,0.016464028242902155,0.054836102083573916,0.06470132141148523,0.07765148390715476,0.06245772638038834,0.008248511143738556,0.02728607486348714,0.012620222049919989,0.011795370935546133,0.03482521404886418,0.0,0.0
N:GCA,0.03228992152367516,0.09681685918349352,0.06743673397407636,0.02204391147165153,0.031055462481262675,0.021285600917026717,0.02364870822678776,0.09343091438144785,0.021373776562913324,0.04408782294330306,0.0496076183758046,0.04608059254034036,0.04177762102107398,0.015659994709461247,0.056555859271669166,0.06978220615466009,0.10380037033771272,0.059730182523586986,0.007900537871439909,0.026858301737060223,0.011427563706904153,0.009611145401640066,0.04773829468300855,0.0,0.0
N:GCC,0.03431774020009314,0.09710780299015594,0.056446821152703504,0.019784490372725668,0.038396685455508985,0.019511490099725394,0.023526199996788233,0.10635769459298872,0.022353904706845885,0.04255592490886609,0.06010823657882482,0.03886239180356828,0.03280820927879751,0.013874837404249168,0.04851375439610734,0.06362512244865186,0.11350387820976056,0.05774758715935187,0.006953477541712836,0.03248703248703249,0.010357951534422122,0.007884890237831415,0.05291387644328821,0.0,0.0
N:GCG,0.043188274527563915,0.10321544732183292,0.044011692535715755,0.02062662110420355,0.05648647535921611,0.02149121001276298,0.02519659104944625,0.10436823253324551,0.020503108402980773,0.03507760714726831,0.07563094404874635,0.03343077113096463,0.020585450203795957,0.013421713532874965,0.040512166001070445,0.05096957470459879,0.12429494833051999,0.053604512330684674,0.00819300918111079,0.04047099510066285,0.011980732018609247,0.006793198567252666,0.04594672485487258,0.0,0.0
N:GCT,0.03335385024869828,0.09972884401044699,0.06308119707883486,0.021126877713639313,0.02996024154509008,0.02200855056310615,0.02417114434481726,0.10110957696338563,0.021725749837805466,0.04356794703308769,0.05018881107248016,0.04095619915825196,0.04528138672167418,0.015138156471977774,0.057458453246385974,0.07201437293098,0.09906343053915126,0.057874336665945804,0.006271521966962221,0.02718214030243042,0.010962686939597092,0.008750187147538802,0.04902433749771264,0.0,0.0
N:GTA,0.025443011790664,0.09577328828518238,0.07563952285733987,0.023064193615114113,0.03068330690202027,0.02664965869130525,0.024822450527477075,0.10384058470661242,0.016858580983244845,0.04574915534716955,0.044921740329586984,0.045232020961180446,0.05757429497345377,0.01703095911190788,0.06688271392125768,0.06005654002620148,0.08532717368820245,0.06415913948838171,0.009273943322071295,0.02465007239881404,0.009204992070606082,0.014445287181962353,0.032717368820244085,0.0,0.0
N:GTC,0.030582761998041136,0.0952252693437806,0.06263467189030363,0.022624877571008815,0.03450048971596474,0.023212536728697355,0.02526934378060725,0.09733104799216455,0.02277179236043095,0.04515181194906954,0.04400097943192948,0.043633692458374146,0.05374632713026445,0.015254652301665034,0.0678256611165524,0.059427032321253674,0.0916258570029383,0.0583741429970617,0.0065621939275220375,0.03092556317335945,0.011116552399608227,0.009231145935357492,0.04897159647404505,0.0,0.0
N:GTG,0.02793842713120053,0.09076931141124875,0.06377439589048277,0.021368790732619294,0.029388639421312878,0.02025055474988206,0.023710097321475374,0.09394929498715776,0.021229011234777138,0.0480142575087799,0.04458965981164713,0.048398651127845825,0.04544580923593032,0.015637831321090978,0.07249314206838713,0.06499746649660161,0.10593538692712247,0.054915870214736255,0.007128754389949854,0.032551150559991616,0.01144444638582636,0.00906819492250974,0.047000856149424286,0.0,0.0
N:GTT,0.027508420945187302,0.09411044197203225,0.07216494845360824,0.023221394304378893,0.03296927630907421,0.025518015719097682,0.026155966112075126,0.09592222108808819,0.01796468306624477,0.05231193222415025,0.04968357660508319,0.045498622027151166,0.060069409002755945,0.017122588547514545,0.060196999081351434,0.06433091762784526,0.08283147902419108,0.06336123303051955,0.00893130550168419,0.025415943656221292,0.010870674696335613,0.012835561906706134,0.031004389098703684,0.0,0.0
N:TCA,0.026793416948702634,0.09648948171743314,0.07012741389607804,0.023840334461477205,0.030592607339571306,0.02523392394983078,0.02579799588559294,0.09897803437520739,0.020920432676355433,0.05229278651536266,0.04461145397836618,0.047730439976109894,0.05511314619417347,0.01657376070077643,0.06072068484969142,0.05786714446877696,0.0843121640453912,0.0611188532749353,0.007249983409648948,0.027921560820226957,0.011198486959984074,0.011165306257880417,0.04335058729842724,0.0,0.0
N:TCC,0.030359512697016238,0.09902628871359766,0.06295572819587553,0.022188091794282987,0.03204449547440467,0.02242667342647958,0.025394032476924684,0.10080073960305981,0.021144297153422902,0.04588223014180696,0.04980391572103843,0.04087201586567854,0.04822331240773601,0.01415087305966032,0.058959485856582616,0.07190253940324769,0.08691827087962066,0.06042079835378674,0.007232005725959173,0.031239282465741168,0.011809790793731267,0.009826580976097102,0.04641903881424929,0.0,0.0
N:TCG,0.04220904755767496,0.10039953602268334,0.05065085706920995,0.0229411006573012,0.05052197448124758,0.023972161361000128,0.024874339476736694,0.10259054001804356,0.023069983245263565,0.037955922154916874,0.059930403402500325,0.03582935945353783,0.028805258409588863,0.01559479314344632,0.048073205309962626,0.06508570692099497,0.1066503415388581,0.055290630235855134,0.006895218455986596,0.030996262404949092,0.009343987627271556,0.00818404433561026,0.050135326717360484,0.0,0.0
N:TCT,0.028103816443813864,0.09690872350487983,0.06930650500881379,0.02480760135861387,0.03247488427418777,0.024778938618742564,0.026226406982243433,0.104318041761612,0.02113877065508692,0.05229516889519469,0.04596070338363644,0.04660561503074079,0.049457557647935566,0.01567851870960345,0.0570531837138312,0.06904854034997206,0.07737506628258595,0.06096564770626424,0.007437980996603465,0.028290124252977344,0.011895037046591284,0.011293119509293893,0.03858004786677559,0.0,0.0
N:TTA,0.022576512455516014,0.08669039145907473,0.08520996441281138,0.02585053380782918,0.030177935943060497,0.03143060498220641,0.02895373665480427,0.1009252669039146,0.016654804270462634,0.054832740213523135,0.05420640569395018,0.0498220640569395,0.060583629893238435,0.019217081850533807,0.04965124555160142,0.05369395017793594,0.07612811387900356,0.06733096085409253,0.010448398576512455,0.023487544483985764,0.011843416370106762,0.015487544483985765,0.02479715302491103,0.0,0.0
N:TTC,0.027610828161079543,0.10092854920328186,0.06838838576552085,0.024957830437417092,0.03342449601231515,0.0264153415325156,0.02741430981117862,0.0987340942960549,0.020470661448012708,0.05491050226814929,0.049866531287358955,0.04541211535627139,0.05415718192686242,0.016392905687568578,0.05495963185562452,0.062427329151859556,0.07549579942027086,0.06316427296398801,0.0078116044085616496,0.027643581219396363,0.012970211093460852,0.012233267281332394,0.034210569411918836,0.0,0.0
N:TTG,0.027132095234258552,0.09724851951818878,0.06957257382266446,0.024291987269870686,0.03287273899206381,0.028199653547113564,0.02590339604399146,0.0971075212504532,0.019719614873302985,0.05283406518148491,0.048684687588123915,0.04874511541715345,0.05583531402328486,0.017221931273415782,0.055815171413608346,0.0615356725617371,0.0823027031382186,0.06363050396809411,0.009164887402811909,0.025037263827901543,0.011803569270434678,0.013193409338113846,0.03214760504370946,0.0,0.0
N:TTT,0.024375977691627557,0.08841732979664015,0.0756036183091886,0.027490988233693805,0.032796028021492216,0.03169421206556485,0.03018431612596069,0.0999659933346936,0.01822757260423043,0.059280418962116575,0.05567571243963817,0.05072434197102632,0.05666870706658505,0.020335985853227233,0.048547915391416716,0.05517241379310345,0.07193089845609739,0.06493912806910154,0.010324423587023056,0.02438958035775012,0.013235394137250901,0.015017343399306264,0.02500170033326532,0.0,0.0
T:ACA,0.036527457842586465,0.1018434523221143,0.07904210048210289,0.059694171847844174,0.04284497007658842,0.04812520410857262,0.05045751601274764,0.04819151984404541,0.03474193794598896,0.04042382011168571,0.04040505150730662,0.05728553428586086,0.05485437439862263,0.019708285838337253,0.030301286149896085,0.035299991116193925,0.03933524105769844,0.053977254953973125,0.017099449829643634,0.05749449141461474,0.02272877990307893,0.010379038221637198,0.019239070728859983,0.0,0.0
T:ACC,0.03694660788713317,0.10243905526563138,0.07169847744973622,0.056371703541013285,0.03517436064598412,0.04351658158825,0.04804055914400458,0.04670187953149378,0.03258877851023631,0.04083289290879573,0.037331122243918186,0.05885284967862195,0.05273859669665773,0.016394869344236875,0.029537981473686876,0.03484364665187684,0.047516796789700715,0.06353348123158524,0.014494450650826152,0.07105762018842786,0.025313070639876197,0.010459423449995727,0.02361519448831108,0.0,0.0
T:ACG,0.03550949527600347,0.0954470817823093,0.06614024982591278,0.05004255465479148,0.033605281935334116,0.0430704687889547,0.04347452308697484,0.04766981026641793,0.03413828973272238,0.04183681364499961,0.037495379166272644,0.05717368316984895,0.047717093216186245,0.01738723016480257,0.028855494708608077,0.03180423139415926,0.05538552797861091,0.06493668383181025,0.014313838429862192,0.08626559262729859,0.027690614764315988,0.012998512736307288,0.02704154881749641,0.0,0.0
T:ACT,0.03901697138259329,0.10324063953912006,0.08072065200371457,0.06016027236069188,0.043278808483985944,0.048715790191728406,0.05206138657761613,0.047314298471226784,0.03389160453748448,0.03933633785872529,0.040620005054052,0.05468453258545766,0.054988395834592974,0.020093732510422044,0.0315180604842898,0.03672714475518079,0.03821080357876492,0.05357450153249399,0.017337258750408896,0.054227187389055034,0.022093648792996263,0.00995152140918132,0.01823644591621746,0.0,0.0
T:ATA,0.04015458713627516,0.10062159554675588,0.09291649794076648,0.0647459594423368,0.054467519719936776,0.056272031559363216,0.05669003637015072,0.049326433765831464,0.038779276665068044,0.03660901061620254,0.04316272889962099,0.051211187600185865,0.05857292411159982,0.02544231067087906,0.03387331841703071,0.03584951080374488,0.02604879086510201,0.04280630515470843,0.020575540373853052,0.034261465741333395,0.017317342161196837,0.008854610835655063,0.011441015602402781,0.0,0.0
T:ATC,0.0408720771310073,0.10306519486918168,0.08189263887529655,0.05948496087092975,0.04453188538337715,0.05047295723980603,0.05232564025552852,0.04683170956409642,0.034581728968335654,0.03881185312172026,0.041467702909286024,0.05496124214128311,0.05529364519601656,0.020931268497301966,0.03232240059123873,0.036505279640397265,0.0372257674798449,0.05294320126076935,0.017455378686383624,0.04892399275125115,0.02182386350214459,0.009528325127308683,0.017747285937494726,0.0,0.0
T:ATG,0.03796270136920868,0.10157075992392314,0.07779091679603421,0.06033430710934155,0.04183062122637525,0.04731794126470494,0.050422762475352205,0.04706017702723563,0.03366371815446631,0.04011510556683375,0.039504917908643696,0.0582663680290793,0.05456155322613059,0.019735711560361975,0.030258900147668327,0.03525544872821747,0.03926317291757078,0.05499552917396028,0.016890110882310967,0.06150662468653247,0.02308955923771688,0.00928533772940289,0.01931775485892869,0.0,0.0
T:ATT,0.03962024987423721,0.09809803840619931,0.09317302972894868,0.0628370557591715,0.053930450498387635,0.05588455204744889,0.056399835476270206,0.04881737101477197,0.03830834132252003,0.03743985174515947,0.043759336645214364,0.048693519508141325,0.05819338877599544,0.026065390537439087,0.032701384843327845,0.0353680148132518,0.02765405369039264,0.04300858245070022,0.020651091957450126,0.040585068401199374,0.017880487883194268,0.009239934007024369,0.011690970613554248,0.0,0.0
T:CCA,0.03659872467617449,0.10393589987347135,0.06929156504643727,0.055955387794376955,0.03414632733954942,0.042821888008153425,0.04700959050465724,0.0463909416684602,0.03213402964302708,0.041057628924583714,0.03653695630563376,0.061406446494596714,0.05271061807940903,0.015363917041217841,0.02967487639087411,0.035540941330664426,0.04771896163508598,0.06388104183938487,0.013682659205562242,0.07456600481214212,0.02556631461912561,0.009798007777023903,0.02421127099038826,0.0,0.0
T:CCC,0.03490366583451785,0.10311757187735161,0.0596543198079289,0.049709146071978884,0.02593915359715238,0.03636808848648455,0.044947980745111624,0.045731554366392334,0.03085082239396075,0.04183279781172733,0.03383461340914249,0.0642900655765119,0.049231357278515034,0.012674542218612262,0.027936310753831267,0.03394808824759015,0.05641730073221132,0.07297387689771737,0.011437069243540893,0.0979765644596806,0.028109509191461914,0.009938006904048065,0.028177594094530512,0.0,0.0
T:CCG,0.03123935725564259,0.09651882530299818,0.05877771876719213,0.04490255711655755,0.02829570813099715,0.03942012970156256,0.04259003017478512,0.048186774060640127,0.03454024535172558,0.04325687625480189,0.03628833471862668,0.060028055167223565,0.044673924174837516,0.014737298368370538,0.028321905655569236,0.03138463443736053,0.05970177690664393,0.07048801225091512,0.013634620743199957,0.10101050997053969,0.030677301273914173,0.011481660542002968,0.029843743673893215,0.0,0.0
T:CCT,0.038093308915995654,0.10504836339743741,0.06864445730890366,0.054318979407382575,0.03332431907194923,0.04170141270270521,0.048023049089336814,0.045025721492227,0.03245956692472132,0.0411585005341721,0.03745991138604037,0.05847719306182927,0.05158899492356558,0.015787639082684084,0.03007507200269811,0.036669192716339706,0.048231782366253896,0.06567797699409686,0.013686939157848629,0.07410751100476796,0.02635386151421083,0.009656227603587744,0.024430019341246004,0.0,0.0
T:CTA,0.04017652334257782,0.10309330223554797,0.08661305455826247,0.06157894269502958,0.04722384189854348,0.05287708777922151,0.05377391160217724,0.04739847095977908,0.03508268242077316,0.03783235018158462,0.041934653213322716,0.05215193320290417,0.05752991632604134,0.023045116453905327,0.03410002397449824,0.03677569637037936,0.03283618314148802,0.0505950707247698,0.01862907307486259,0.042982427580736345,0.01936310709497157,0.009355973941792287,0.015050657226831311,0.0,0.0
T:CTC,0.037916505105337985,0.1035264314333721,0.06755796820473052,0.053569083624143726,0.033226315109215455,0.041893240274008016,0.04796587824738271,0.04556184567661885,0.03223058032829262,0.04069277497738141,0.037165826547757526,0.05839162466072121,0.05135944164404808,0.015164534057128086,0.030541036577484814,0.037340571280858215,0.04831433372108052,0.0653793459997415,0.013873077420188704,0.07814915341863772,0.02598526560682435,0.009761923226056611,0.024433242858989273,0.0,0.0
T:CTG,0.03651640246179105,0.10466980366169577,0.06966502728592235,0.0559713763627507,0.034512714885395826,0.04302364779936419,0.04793189934911062,0.04647549624442516,0.032734864575941075,0.04175846457033636,0.037864832274618114,0.05941498257179194,0.05139693537180315,0.01631633042464824,0.02961682668967899,0.036480136623304266,0.04719504344894718,0.06393007946339746,0.014373635394798984,0.07013071362103683,0.02589545712677301,0.009970632913061718,0.02415469687940702,0.0,0.0
T:CTT,0.03999546234216671,0.10277269800521621,0.081756619781037,0.058771072011159275,0.04376949118360393,0.04826093213155426,0.05294144215589165,0.04638599712404927,0.03457338138488897,0.03964988608588148,0.04184203698821364,0.052596916283364124,0.054365762531340824,0.02070936616692909,0.031997840410994155,0.03678233842734443,0.037300177619893425,0.05403699241517888,0.017234696696438043,0.05366935809998183,0.022687238782689256,0.009674034408471135,0.018226258963712393,0.0,0.0
T:GCA,0.03586251189055239,0.1019794361606088,0.07006489060691803,0.055970723490884416,0.034830078704853766,0.042398831847897875,0.04627409162238635,0.046686095475834154,0.03366677370688349,0.04166449556792914,0.03781589486631081,0.06219076990190673,0.050832793083182365,0.016103291789611444,0.029942985937339062,0.03468224202802838,0.04908056492998964,0.06402176349767036,0.014364393172853793,0.0697171108835665,0.02636461129254091,0.010544875096184724,0.024940774446066877,0.0,0.0
T:GCC,0.03501195625730578,0.1022280767336573,0.06141066035328812,0.05041683725842723,0.02806486640440038,0.03828019770843347,0.04326563065548771,0.04580996967916882,0.03234182435278969,0.04275533878040242,0.03514368276459524,0.06374376227518973,0.04772534429867502,0.013423049765325074,0.028994072307171975,0.0343462033691131,0.05590781517940319,0.0702185354623185,0.012147320077611833,0.09049017688140461,0.029479442951148453,0.010091911873779898,0.028703324610902445,0.0,0.0
T:GCG,0.03161851291696199,0.09195905861605175,0.058691393714805536,0.04414202240167873,0.029003867554399692,0.04101393547378936,0.041089277442614536,0.0487183493969852,0.03409921700161288,0.04282772361217303,0.036035784644748665,0.05965688709308361,0.04250403219055379,0.01487027229145622,0.027421686209071174,0.03178872995764107,0.059263434589218844,0.06889325438239119,0.014248003437826133,0.10704419504082419,0.031668740896178764,0.011348732859702093,0.032092888276231565,0.0,0.0
T:GCT,0.036331046519970316,0.10303597702758172,0.06853736075941179,0.054633002327586305,0.03369766312216476,0.042412880173410474,0.04710921778280644,0.04670462471052189,0.03280614699195636,0.04159193260232147,0.037707133422798585,0.0597492228637427,0.0511845520719517,0.015864988232692768,0.030407992124548804,0.03626871095941485,0.048462957975246905,0.06571226610933187,0.014251320514162521,0.07162003065027751,0.026634926496964965,0.009986627258046873,0.025289419303088433,0.0,0.0
T:GTA,0.038490727453361295,0.10240046730691393,0.08072772932994812,0.05961612760790374,0.04460343305000552,0.04963066195680171,0.051870607498988114,0.04895223902564669,0.03512390992383265,0.03927263862825183,0.039819976450675205,0.05669775913456231,0.05485336865732053,0.02098971556831144,0.03191807410678147,0.03510551201383523,0.03561835375501343,0.052286860212679837,0.016831787908893548,0.056757552342053944,0.021589947381977406,0.009189756043713434,0.01765279464252861,0.0,0.0
T:GTC,0.03567357372324729,0.1028031233910539,0.0694768632521232,0.05445208239778,0.03538406623141847,0.0445989581020152,0.04783453330898838,0.046015241911473215,0.03228502012570547,0.041759810767375796,0.03809490910945192,0.059204282078992775,0.05086613732853672,0.016546340115375317,0.029375140847039703,0.03441684802008129,0.047648656339802836,0.0628675388079858,0.014689215352450697,0.07531636095662488,0.026218522228747106,0.010050515767466267,0.024422259836263775,0.0,0.0
T:GTG,0.035832491402242816,0.1000372222166333,0.06753317304306711,0.05575284448155488,0.03431629686370489,0.04201080450288221,0.04652489648918328,0.048775475301837685,0.03218500160242361,0.04112839365296535,0.03778557991207509,0.0622947568411991,0.04989214180083671,0.015749740234916737,0.028707095646725234,0.033666704511648826,0.04934746148794015,0.06290985756394245,0.014242168603706988,0.08069604107953052,0.02617914664834778,0.009929277788396728,0.02450342832423856,0.0,0.0
T:GTT,0.038801793371912086,0.10029953423211029,0.0811983460273815,0.059594940502639006,0.04503991176024715,0.05003214896208513,0.052339207271067154,0.04892915205152198,0.03397857781355693,0.039300145846510925,0.0410949117515347,0.05350319137257772,0.05559940824999869,0.02134900181393331,0.031147029662427186,0.03590751553866501,0.03628563612253895,0.052943851707031475,0.017982508873636283,0.05575100498178225,0.02179159457109451,0.009479151964397421,0.017651435551350344,0.0,0.0
T:TCA,0.039513747134825694,0.10365373869610336,0.07905030162730498,0.059237550033640854,0.04170097273380392,0.048080190669509984,0.05133251987091036,0.04628525162217331,0.03327935592021986,0.03998129796672407,0.039966473184249236,0.056310225678803984,0.054414934257791564,0.01921177771949231,0.0316463491122236,0.035890798371554664,0.03973497850406541,0.055632847156492686,0.01661972152216305,0.056472157918144396,0.022870077887126385,0.009777514226089336,0.019337218186586992,0.0,0.0
T:TCC,0.03693252604432239,0.10436653079848228,0.0693159035164172,0.054047291379957466,0.03546380393768918,0.04373995313125876,0.04875274268346148,0.04615172729920193,0.03303415698820501,0.0407636093346384,0.03805325458095161,0.05745994131419614,0.052416662899364676,0.016555452407411107,0.030212360184909696,0.03634272425346968,0.046427178402951325,0.06321602831048596,0.014490620469381297,0.07398385351888785,0.025313115362496807,0.009685996255126597,0.02327456692673316,0.0,0.0
T:TCG,0.03707634803126157,0.09436886976508005,0.06686036522741763,0.049809292185752085,0.034774109552953396,0.04389143208396489,0.04612876499986637,0.04712907425578137,0.03428922682203277,0.04115776251436513,0.03815683474662014,0.05683436482271236,0.04817901717706619,0.016489830825560575,0.030139088802263295,0.03338818489685742,0.051932085873877036,0.06408469794096648,0.015126814015019911,0.08359836437982734,0.02876461806894498,0.010896498535806872,0.026924354476002124,0.0,0.0
T:TCT,0.039449848178187884,0.10316835594695815,0.07953596822015602,0.058192571004862866,0.04253194511584416,0.048365595261610966,0.05261898829795787,0.04648258788939391,0.034203831329391296,0.03961561635486698,0.041074773359168024,0.053214562585427685,0.0539620083162023,0.0200956690830439,0.031932708046506414,0.037556914567846336,0.03780904101620856,0.054991359209712626,0.01690736139745551,0.058324589971918674,0.022140474136690253,0.009547055828141084,0.018278174882448525,0.0,0.0
T:TTA,0.03881716729184046,0.0977935156935151,0.09587229731437782,0.06348187773817371,0.054645828836554486,0.056407593868435434,0.05636286914908305,0.048932732077540994,0.03876855346645743,0.03684150142827419,0.04441164631691936,0.047476261869065464,0.05818685987745427,0.026846498929523566,0.033329638682604225,0.03591200508695069,0.027789607141954314,0.04283072471546328,0.020925334997870713,0.035661157747974265,0.017596260235640933,0.009648872062023464,0.01146119547230276,0.0,0.0
T:TTC,0.039470231854544825,0.10235374527204821,0.08268071492353755,0.059041765778644936,0.04541641067612815,0.050026939742436626,0.053851411394161365,0.04714616888789072,0.035243013752765506,0.03955553204101751,0.04191478403396459,0.0510170697550373,0.05501214177970741,0.021571229434826877,0.032273703464159344,0.03659917874276163,0.03536934440868075,0.051750219459024055,0.017949750631923216,0.05383629490541937,0.02147621150559148,0.009742576994215784,0.01670156056151277,0.0,0.0
T:TTG,0.04032036551039556,0.10091241620320637,0.08040548809507622,0.05935328592213867,0.04395371289484777,0.04844236548319985,0.0519478930120613,0.047733917134659576,0.033685971090956064,0.03953168980568662,0.041041051930215795,0.055438462898247234,0.05527120925742103,0.02054092275057451,0.030731156769693097,0.03562502549598184,0.03694809697991597,0.0541208305571042,0.0172951142899879,0.05615371017527638,0.022833521437021526,0.009039855318801757,0.018673936987530764,0.0,0.0
T:TTT,0.03879143429514055,0.09680884907361388,0.09467037038166357,0.06223237254250277,0.05396304619378235,0.05580067427127578,0.05680791399737976,0.04830990052618366,0.037610392355955063,0.038397076057271384,0.04531867296420183,0.04644787915562616,0.05657617771327107,0.026949506899744582,0.03280593000954388,0.0360634510208085,0.028498481009313157,0.04320560395252659,0.02067433225901205,0.04000703339950014,0.018427100135484414,0.009797972714068933,0.01183582907212995,0.0,0.0
U:ACA,0.03697444767088219,0.10071642785738087,0.07901995631085934,0.059681164479565015,0.04335195146591348,0.048787970147516964,0.05114564986274416,0.04853011958976637,0.033896108704505906,0.04008981133273036,0.04073113195072542,0.05576051369120346,0.05363027139101781,0.020144078957807714,0.030206862262843602,0.036027673315244126,0.03881113702839794,0.05413274940099332,0.017406896113993747,0.06024711339606375,0.022571841132320972,0.009352702538307337,0.018783421399216134,0.0,0.0
U:ACC,0.03708994647292743,0.10200172592739443,0.06711875080173992,0.054650966169490736,0.033326141969189864,0.04173420718125736,0.04676184534291145,0.04736970997422771,0.03161187624634115,0.04122255134050915,0.03707099625660342,0.06245991300392998,0.05123118097748131,0.015492530699350445,0.028814532775127986,0.03367453440776201,0.04860438945318422,0.06438263110634278,0.013587305104313652,0.08155444251378993,0.026109024967638863,0.009549451318351972,0.024581345990134226,0.0,0.0
U:ACG,0.03367725863467217,0.0940355669723062,0.0654143594957142,0.049330451552320236,0.03365009642584135,0.043579823911280464,0.04425887913205102,0.047813248173341455,0.03435243353989546,0.041756075604068126,0.038104698674096174,0.057514037041492216,0.04682376770879008,0.01690265452386588,0.029245938279700904,0.03250928365494682,0.05403339399559972,0.06502632794098816,0.01496249675023573,0.08741574864868011,0.02905192250233789,0.012529538902103518,0.02801199793567213,0.0,0.0
U:ACT,0.03837373028694016,0.1041500922764827,0.07879714890783208,0.059863861807258,0.042933274138118205,0.048784202655035025,0.05196324495638944,0.04853305507261406,0.03360840744887526,0.03967321648759574,0.039655393110778765,0.05685981266010658,0.05500456116415816,0.01989736975567391,0.031683482752642315,0.03511205232943433,0.037586261093026686,0.05437102113366398,0.01655467644900003,0.05661028538466898,0.022152837076512517,0.00914987353503995,0.018682139518153108,0.0,0.0
U:ATA,0.03999529972182488,0.09842337303712542,0.09566873885661215,0.06370684726581655,0.05587229705758067,0.05690048290838751,0.05653666329964047,0.049581155500116374,0.03861911250612957,0.03582832233965385,0.043610898318068726,0.048320215489676334,0.05795126625042088,0.02718478194550841,0.03393691232399379,0.03578764685544611,0.02600971240172916,0.04140764292348263,0.02077387368454354,0.037441783213227664,0.016828351716392447,0.009032217243241655,0.010582405141381203,0.0,0.0
U:ATC,0.0390189879645682,0.10217503707957841,0.07681958302694598,0.05987121891174792,0.041298330926962626,0.04788588256553111,0.051111671703048485,0.0472364308423371,0.03342439970443685,0.03979188918886521,0.03985808674742769,0.05824848416536508,0.05526422666044052,0.01957658610244877,0.03048844852603085,0.035335183286726676,0.03925515222754784,0.05645757183776946,0.016773030041167723,0.05902675275927526,0.022807742609579323,0.009394685946258316,0.018880617175940587,0.0,0.0
U:ATG,0.040293138726481915,0.1021890711515305,0.0810738182893075,0.06054847704271293,0.04411284842854456,0.04937982502274551,0.051899425827891685,0.04632277762635433,0.03458468814661543,0.03964308427802368,0.04049915991979249,0.05581894703975697,0.05486305988818552,0.020355149826033658,0.03154939454082227,0.03588991558249613,0.03650158098872258,0.052592987857545945,0.017481090197613992,0.05487841550507823,0.022090334534910355,0.009315740914913247,0.01811706866392057,0.0,0.0
U:ATT,0.0389748311221762,0.09969218128817688,0.09342946173243809,0.06338909421466896,0.054292927453554046,0.05616635321505209,0.05645479668377418,0.04946368453025233,0.03877088119479694,0.03728933065090619,0.04400656718766161,0.049931312578029054,0.05871281373690168,0.025917665414316993,0.03320887531812547,0.03565773123187213,0.0277969183165973,0.0425235598585753,0.020743164399666104,0.03446025380111677,0.01798692680965499,0.009174833161675477,0.011955836100011217,0.0,0.0
U:CCA,0.03821525346872219,0.10367177544722267,0.06764971736708446,0.05537943481424906,0.03270273543817361,0.04145749895645541,0.047040087127214344,0.0468929398327726,0.03138741880622503,0.04155159314473788,0.03717220938159097,0.0624825450275726,0.051182233415649064,0.015026041067108175,0.029041070111181292,0.0349399749148898,0.04824629454083538,0.06509215724940666,0.013700714415129545,0.07592600192792985,0.02669171841012854,0.009535545080625707,0.02501504005509515,0.0,0.0
U:CCC,0.03405431770941908,0.10242707344568736,0.057598468304549955,0.048278360551556085,0.025045892170097533,0.03557629838916965,0.04280064684178889,0.047078181637869795,0.02961992985126282,0.042374613686087435,0.034057353575136666,0.06585804696686656,0.04938948740419314,0.011966370703491044,0.02751303904325704,0.03264668797169763,0.05759340852835397,0.07404780071767865,0.010853219940375598,0.10396322149878666,0.028552317073911187,0.009451661934089332,0.029253602054673918,0.0,0.0
U:CCG,0.03330149799863969,0.09484480866805857,0.05895540604270991,0.04457025852977631,0.02820626453030242,0.03847730725205765,0.04188281910973237,0.047852536833798226,0.033453170064673916,0.0436365273732531,0.035941539898047936,0.06051952422368786,0.04471482096771518,0.014430175157537509,0.027632754530610502,0.0313534599005126,0.06000289124875878,0.07080952595369736,0.013408758587838271,0.10344271891137374,0.030583250190182553,0.01134459656415373,0.030635387462881816,0.0,0.0
U:CCT,0.03591985777179727,0.10420191241386999,0.06500603374594897,0.05374141144671039,0.030238161829564767,0.040105341185352375,0.04539000295330839,0.04712971673665291,0.030767214756371616,0.041477358294982704,0.03588171902106628,0.06423641331453125,0.051494158903638045,0.014058530269455163,0.029091065557578757,0.03402661106884338,0.05155576765481888,0.06749580962700302,0.012446923571899369,0.08397077202610646,0.026527945925118965,0.009613898934266396,0.02562337299111465,0.0,0.0
U:CTA,0.040565386996758254,0.10492712543935438,0.07983125025013478,0.060656212406214174,0.04256411101511167,0.04950432115186771,0.05185853083190708,0.04790345856944095,0.03375230418272434,0.038397159881442,0.0398026230604255,0.05913303874322871,0.05593602199773525,0.019958989667373715,0.03219617158421832,0.03561448403963548,0.03535081255547107,0.05448347462515096,0.016382945163393923,0.053407600801372974,0.021244388152675205,0.008873016284068357,0.01765657260029522,0.0,0.0
U:CTC,0.035783454869887786,0.10407938079837858,0.06679316625231127,0.05340452397605741,0.032623273615372005,0.04167792005133852,0.047433882036828,0.0472226646629871,0.030812344328178705,0.040936927952945845,0.036397485705315986,0.06303511286856278,0.05328333367959132,0.014974503870010133,0.029276113046308543,0.03453115513973818,0.04985653377285014,0.06527886464313497,0.0133413203509671,0.07882447720814491,0.026063993093307293,0.009743699835873712,0.024625868241909682,0.0,0.0
U:CTG,0.035326883851995054,0.10469293970199137,0.0670298254380432,0.05468597688344242,0.03207565716719775,0.041256747790329056,0.04591528297713738,0.046634501175487605,0.031895443040048495,0.04196285950670479,0.03635164691137561,0.06330185047142377,0.05111609885564029,0.014629291348902741,0.02949286106309952,0.03510653112379891,0.05038541248556239,0.06661615210072332,0.013222802002015121,0.07565470973238202,0.026569296427664507,0.01027220524750772,0.02580502469752697,0.0,0.0
U:CTT,0.037507661364704764,0.10384942666214424,0.078042975049241,0.059766380444031875,0.04142432951901506,0.04771289668017447,0.05095000922339052,0.04818299206788416,0.03400753342735241,0.03978792152382313,0.04009973162908879,0.05755038648981559,0.056209126991211,0.019664268585131893,0.03173917441728999,0.035455903267460474,0.03910479556801209,0.05552838126521115,0.01640811420342634,0.0563102867581865,0.0224229549362991,0.009380485685892974,0.01889426424121249,0.0,0.0
U:GCA,0.03678814453272699,0.10156024696326697,0.07066035885808328,0.05622426130836186,0.03597809271248159,0.042702035511543876,0.0476546308176012,0.04625754777319062,0.03408754455605443,0.041675371733036655,0.038173692029064454,0.05930809782657457,0.05155749124900506,0.01721360118021474,0.030088554557374612,0.03616522493677879,0.04659464212243831,0.06296102138306095,0.014869321466245063,0.06853525455750278,0.026277978510555668,0.010082069015902393,0.02458481639893514,0.0,0.0
U:GCC,0.03552835495036157,0.1011981613287184,0.06148742105966914,0.050522907766128375,0.02755924497861679,0.03841415697973911,0.04279382462477997,0.04660466156216914,0.031468723079182546,0.04309194014015813,0.03546697822660725,0.06404880326348808,0.0469729219046951,0.01300419334544793,0.02876924324691637,0.033730893754699155,0.05626601548885465,0.07047582305090541,0.012353161668482394,0.09159708811286303,0.029499187854423178,0.01005153452769515,0.029094759085399133,0.0,0.0
U:GCG,0.031328900800128595,0.09388970031899828,0.0596479655892045,0.044169204887796305,0.029599492263391137,0.04132288667108257,0.04201853016903306,0.04830426504294421,0.03563302172569474,0.04243148188693992,0.03629263587912986,0.05862805799061574,0.04232616534143347,0.014974349878193101,0.028518611927930225,0.03200791536984122,0.05990571397689133,0.06796797268421388,0.014198333227092958,0.10328504477338928,0.03112658217323463,0.011482274948242461,0.030940892474578527,0.0,0.0
U:GCT,0.03514034998189581,0.10375279156855169,0.0681835302923158,0.05480222693660132,0.03347330665091967,0.0421851876152775,0.046226431142119086,0.0464670102817206,0.032734558585880674,0.0412410967492655,0.037092929160378804,0.06244729737282719,0.051705074275771735,0.01546024733479625,0.030153800542882626,0.03555103558384183,0.04950584072688922,0.06631600434500506,0.013766472988308825,0.07132563966105072,0.026637456956989797,0.01043603146483535,0.025395679781874913,0.0,0.0
U:GTA,0.03906851107184286,0.10093247717042708,0.08658178763614802,0.06205220272143098,0.047237980503391785,0.051727423958286764,0.0536639082158227,0.04765210107365464,0.03614849045993266,0.03906380515627169,0.0421932390110989,0.051882719172135335,0.05704040263813627,0.022273098398341636,0.032167285886723906,0.03662849384819187,0.03357200168471777,0.05041682647171627,0.018491895236907554,0.04539090864170806,0.02028955498509401,0.009578891145113965,0.015945994912905267,0.0,0.0
U:GTC,0.037433631472045044,0.1032537900834234,0.069759707325185,0.054939877339478235,0.035285686570296196,0.04345183654238281,0.04799122609050272,0.04673809325842252,0.031833137345734,0.0413474444404851,0.037807789616220645,0.05914470219783265,0.05209706731283184,0.016767827942684516,0.02897646961004407,0.03449381748209386,0.047601230564563064,0.06210431291498889,0.01488317951276295,0.0741961538918386,0.025531839076363895,0.010755561890508261,0.023605617519311707,0.0,0.0
U:GTG,0.03542809091654107,0.10139329824848954,0.06950219666278287,0.05593027688996732,0.034981513351600255,0.042927268429935425,0.04610081963611055,0.046826508179139366,0.03252414903813606,0.04104594166699328,0.03714788962407908,0.06047444115449802,0.05155120379970996,0.015604085234554177,0.02908811474192924,0.03482473612135508,0.04859381513826683,0.06301494490824375,0.014220407407011505,0.07719853342027343,0.026165169562888453,0.010861574019637535,0.0245950218478572,0.0,0.0
U:GTT,0.038501655082659826,0.10137593481520601,0.0847194847081679,0.06074294821618869,0.04640267076586475,0.05102558540886672,0.053341758065580884,0.04904325848524572,0.0361760517555193,0.039329667946094285,0.04192498844742873,0.05350207946282901,0.05550892612955855,0.022509124173637506,0.03195299753859502,0.03544989013268953,0.03671925837207767,0.050422022501579636,0.018599168214868397,0.04456180389863915,0.021015305978101983,0.010571781547950243,0.01660363835265049,0.0,0.0
U:TCA,0.03780959728049874,0.10248555892148192,0.07739414579687784,0.05965090535056855,0.04184243701431878,0.04763015786403748,0.05087148224107977,0.047863473008824584,0.03316963641723271,0.03968364473378867,0.039898144141092946,0.05695774612552606,0.05439127953286796,0.019791647066940123,0.030101416825032458,0.03488814044066457,0.040052433188452155,0.05513387397219034,0.0166017523723509,0.0627329231502562,0.02270056008178574,0.009517000018815738,0.01883204445531576,0.0,0.0
U:TCC,0.03678246991370741,0.10387813111308322,0.06731011897074488,0.05387274004755986,0.03252175087590004,0.04143418930815449,0.047344218941242126,0.047660573775250625,0.03137718619555468,0.04104792834977707,0.03689384577287145,0.061911944349985606,0.052800451190714574,0.01536038976811309,0.02889492635567525,0.03441987987995104,0.04921154185658818,0.06556009616239074,0.013584300269316306,0.07777826488259917,0.025904366052164188,0.009964584846484966,0.024486101122171023,0.0,0.0
U:TCG,0.03620522749273959,0.09581585457674519,0.06607722921372486,0.051207916532214695,0.034195977196945254,0.04463805528665161,0.045421103581800584,0.048166075077982144,0.03355491018608153,0.04106701086371948,0.037767021619877376,0.05717543293535549,0.04947402387867054,0.017360438851242336,0.02936000860492632,0.03247929439604173,0.051586533290308705,0.06473486070775519,0.014963966871033667,0.08310207593847478,0.028305905130687318,0.011207916532214693,0.026133161234806926,0.0,0.0
U:TCT,0.03764274116715645,0.10515992825481171,0.07636456753843332,0.05845398959605312,0.039691325720471085,0.046985494411121397,0.051175476027535124,0.04753677835478085,0.033022243692104006,0.03995969924273938,0.039161288013991206,0.059765665186139405,0.05669949769422415,0.018559147287861913,0.031036279627318634,0.03591508661755431,0.04044277158282231,0.056838157347396105,0.01586311161207502,0.05759183965576623,0.022708872875935395,0.009654737463601841,0.019771301030107036,0.0,0.0
U:TTA,0.038330466758723584,0.09908803366796588,0.09499633593365873,0.0637396836281227,0.056051737747041905,0.057280000602828396,0.05701626317980676,0.04971073656210734,0.03968683064854916,0.03694396144912411,0.04401589206357579,0.04831857973630025,0.05827278361663128,0.027051924247076753,0.03442338522053158,0.03558194604309093,0.026443444335391114,0.041322002671283324,0.021475761588904945,0.032645041453871385,0.01720509917469025,0.009462521970269257,0.01093756770045457,0.0,0.0
U:TTC,0.037717178801139395,0.10293806831555233,0.07897454618817279,0.0594482685739813,0.041963483699280914,0.04850826924647302,0.0513039134214938,0.04913392672722294,0.034389545635768876,0.039340765968075855,0.04047199312137035,0.05650011288253971,0.05580120183878452,0.020334468563413567,0.031018680859444425,0.03515690673020112,0.03869349268184897,0.05442979906907931,0.01668740182821679,0.05678352010990436,0.022176615541283785,0.009643050998890389,0.018584789197861475,0.0,0.0
U:TTG,0.03884333751470352,0.10265480835868922,0.08428571635262985,0.06152256854770451,0.046054392536615925,0.05028784899610945,0.05311931662810836,0.0478195384288176,0.035600967068454385,0.039689739438423174,0.041916427576208726,0.05529825901635075,0.056915827137237196,0.02156805722545109,0.032153145215080135,0.03590335681556106,0.03633885592503049,0.050989566830304374,0.01807104278163843,0.043191094404921575,0.02128158272819213,0.009737239225014143,0.016757311248753907,0.0,0.0
U:TTT,0.03771917355269745,0.09805607770391672,0.09098213237248225,0.0633529547318708,0.05315171105246568,0.05506676190417329,0.05537666639884797,0.05070602600902167,0.0386268140670153,0.03836811886205895,0.04437726413486761,0.049545870721265185,0.058641700077785144,0.02561082529067894,0.03374515608679798,0.035254947214700245,0.030091638141032148,0.04418390492024153,0.020614387867989515,0.034366730913723824,0.019075460420075102,0.009987577332649366,0.01309810022364333,0.0,0.0
