,X,Y,1,2,3,4,5,6,7,8,9,10,11,12,13,14,15,16,17,18,19,MT,M
B:AA,5140,0,9794,13568,10193,9354,8950,7881,12669,11018,9569,6805,10650,3878,5511,5118,3127,5982,6510,2720,3794,0,0
B:AG,5417,0,11192,17956,11763,11686,12828,9288,17649,19687,12039,8307,14849,4673,5449,5779,4033,7275,9550,3144,5481,0,0
B:CC,4786,0,10115,16935,10514,10767,12870,8877,17480,20910,10927,8190,14667,4362,4550,4950,3913,6460,9824,2839,5715,0,0
B:GA,4694,0,9647,14520,10066,9477,10360,7849,14788,15626,9893,6931,12483,3968,4624,4856,3372,5870,7922,2628,4466,0,0
N:AA,11379,592,12147,11043,5264,7869,7985,17334,15927,6421,6381,6925,7668,11882,8341,12378,5685,5131,9293,3445,4582,0,0
N:AG,10368,431,12485,10725,5554,9147,9065,19135,15575,7112,6228,6692,8797,16461,7509,14888,7854,5529,11263,3777,4680,0,0
N:CC,7814,194,10456,9011,4852,8162,8081,14877,12947,6526,5593,6004,8393,13383,5686,11254,7730,4821,10607,3279,4391,0,0
N:GA,9117,413,10778,9241,4821,7688,7592,16325,13707,5892,5502,5631,7491,13433,6401,12149,6252,4473,9659,3177,4023,0,0
Q:AC,189546,4500,330522,448483,239915,322232,333544,267494,425964,255113,307121,248888,402629,181843,183901,191341,210085,161324,254325,142475,169946,0,0
Q:AT,115500,3332,167376,219640,123639,145746,151923,133585,193774,109854,149570,118508,174419,88562,95829,94795,92134,79668,112559,70975,79345,0,0
Q:CA,278129,6128,476087,657331,342323,471933,482074,391409,638602,370434,447418,357482,595566,260254,263050,278273,307723,233366,373939,202979,248769,0,0
Q:CG,31283,392,69593,98314,52146,78785,83773,56476,97096,68340,68471,62012,101076,42853,39812,41296,53749,34787,61930,34204,42156,0,0
Q:GC,92951,1535,176077,253123,126368,192045,194514,145777,254393,155405,171955,141852,248954,101127,96194,105680,128205,88408,151111,77965,101381,0,0
Q:TA,88978,2875,128971,166378,95966,110079,114861,99579,139284,82205,113415,90250,130531,68789,73439,72655,69437,61513,82679,54540,60184,0,0
T:AA,137384,4090,211880,271048,157175,182152,191660,161683,225572,133581,188187,149969,215086,110848,121249,116414,115418,100596,135385,90390,100911,0,0
T:AG,126297,2488,225538,314213,161001,229234,228695,182117,311149,171178,215554,170657,294584,117293,120785,129256,149171,110036,179021,95456,123371,0,0
T:CC,101168,1723,189684,268008,136675,206703,206518,154372,276188,159228,185633,150180,272050,100547,100645,110887,138709,91602,166836,81895,109818,0,0
T:GA,106273,2159,188237,256248,135918,185428,188478,151622,250484,138329,177328,140909,234869,96830,102995,106677,119723,91332,144235,79992,99181,0,0
U:AA,135693,3684,202671,259452,152988,175117,187147,150002,208976,129002,173384,144575,209482,107438,117390,111887,111518,96168,126963,88241,92390,0,0
U:AG,131914,2869,229698,308546,165572,227648,233122,177963,286554,171056,211497,170520,290674,122743,125826,130149,148862,111378,172106,99373,118040,0,0
U:CC,103458,1517,195955,283968,139430,221708,217356,161976,304677,168098,195247,157634,291752,102890,102502,116556,143894,96243,174932,84495,115891,0,0
U:GA,118835,2534,202178,269862,146639,197268,203447,157355,248778,149675,185183,151029,249925,108359,111651,114198,128739,97055,150731,88565,103782,0,0
