 ,X,1,2,3,4,5,6,7,8,9,10,11,12,13,14,15,16,17,18,19,20
B:AA,0.03725357916032004,0.12153229265524892,0.07497956695453056,0.073611312814728,0.057212105144061415,0.05117126944938853,0.041008784520870416,0.05315969184941014,0.0471661392351624,0.06890158026809506,0.06652180594348321,0.03818699782835566,0.023783389453846646,0.044964098632505764,0.023284806257577957,0.029795939734336634,0.03571687904650291,0.04017162069512883,0.011931378740851569,0.022022939048731968,0.03762382256686334
B:AG,0.03213878435007125,0.12883897797315014,0.06457646833877057,0.07263717553987892,0.054624251210771704,0.04772765542667125,0.04187971822206281,0.05739101229321735,0.049197967847525594,0.06504968807198781,0.08150924695088144,0.03373093830300757,0.03178238646034834,0.041213468645884245,0.020707128094695056,0.030646111498235578,0.03299441308660195,0.03540979596791233,0.011971500946211298,0.025111220327365836,0.04086209044474897
B:CC,0.02923088883342403,0.1342283958374859,0.05822446082021612,0.07159486857848962,0.052766757871934244,0.046163387388187815,0.040655999878418954,0.06101556412727899,0.048965596656053656,0.06329813133441627,0.0920403578925095,0.02938578776041286,0.0377666964968877,0.03873700675651584,0.019606112487016256,0.02968564870209312,0.032075183847490606,0.03232828284894783,0.011942415008712334,0.027461533920234652,0.04282692295327371
B:GA,0.03301133691082308,0.128570646484351,0.06634500542433251,0.07234640647746864,0.055525947973333066,0.04852068229276647,0.04160535662612104,0.05627060659791004,0.04848213657251456,0.06513444635497145,0.07907905894813758,0.03447104657775454,0.03059077740572778,0.04188914250855547,0.02052419945008106,0.030638819897635974,0.033667731422359425,0.0360497452072028,0.011887164945516462,0.02438938551418315,0.041000356408253925
N:AA,0.07247098947993778,0.09075587827992966,0.11127411313552867,0.06088655875433234,0.06716498543370154,0.06457343046264961,0.05617148958325413,0.05176197430709153,0.042410757765295945,0.04382602671555344,0.029554225747241737,0.03555871653024813,0.011049246387902204,0.043214342854186745,0.04457262583646758,0.04192233239065936,0.030680081216508445,0.030528782621304346,0.033819008255580534,0.019475146290676943,0.01832928795194933
N:AG,0.06559359372318375,0.09434696767396498,0.10468281010783305,0.06222966184433654,0.06623032773116634,0.06498045705845125,0.056192017016538386,0.052477373151813805,0.04464477111883033,0.04369312211995199,0.03443674501410247,0.03354361670964837,0.014360844901015775,0.04226798057856662,0.043040595320065746,0.040034310814859544,0.03056982727385413,0.03230606665473045,0.03370322471292994,0.021502004902772563,0.01916368157138396
N:CC,0.06324933129563341,0.09614708571224517,0.10051414855742932,0.06314917556161437,0.06524381229658392,0.0653502838165797,0.055915131145937914,0.05296725067286963,0.045478446398249675,0.04345340330895775,0.037434876115005435,0.03242283257430533,0.01697205165547456,0.04161098748696904,0.042093652482882944,0.038931647917845466,0.030264400085184794,0.03300195856944189,0.03306199643093671,0.022636130624626622,0.02010139729122634
N:GA,0.06681164642601765,0.0938686585681474,0.10594284942771547,0.06185611907119452,0.06636798689558682,0.06483482992054171,0.0561488474155352,0.05240429503756783,0.04412783058018412,0.043691314672284265,0.033340919473579214,0.03390009410220521,0.01385681484256799,0.04260192507531425,0.04331597405668426,0.040354945085391836,0.030617833219113263,0.03208695437148486,0.03371781617661767,0.02112199193982656,0.019030353642439917
Q:AC,0.05461114457635771,0.09975668741527724,0.09405408640580425,0.06482855247034719,0.06930962723775505,0.06382086755755453,0.0538989952987547,0.05195694706175628,0.047998744943863234,0.04376227769415507,0.04202355522110413,0.03293040458992364,0.018869543378605018,0.04101442991710974,0.040109864242419684,0.03871559748899369,0.03248129345143169,0.033685205057248986,0.03233846057019553,0.022552112803775753,0.021281602617566876
Q:AT,0.06481585164745542,0.09645359333356354,0.10157445669412618,0.06338696837616081,0.0709884605282584,0.0633120231467334,0.05423812224780672,0.05109197557877368,0.04522408742853934,0.04384790962834984,0.03539544460740585,0.03492299284922337,0.014174411382473677,0.04204128968019297,0.04146355948551001,0.04027518997807375,0.03288900900384248,0.032051769026753246,0.03246891820191978,0.01987506142633439,0.019508905748503155
Q:CA,0.05500710246682709,0.10049995449756215,0.09364281019638762,0.06494433874787811,0.06931036739875754,0.06404960157908951,0.05387362546842009,0.05193442953051706,0.04805992859951587,0.04359995113055673,0.04233530400080429,0.032685117540656075,0.01899487971221337,0.040869617002671194,0.03988045236783086,0.03851041004268912,0.03241343334900588,0.03351636437199364,0.032174073335724786,0.022608481471192172,0.021089757189706855
Q:CG,0.03969753983701232,0.10047140944932081,0.08426074971102197,0.06655576745934548,0.06462648731521481,0.06429540607646785,0.05245512169444185,0.054843525983102694,0.049879724053275835,0.04393313735743292,0.05089190480818147,0.031374513257690036,0.02713883650279803,0.03893768125628156,0.03962198976853194,0.03733413402407833,0.03269083553106647,0.035487891605975375,0.03212815193241585,0.026655862782376305,0.0267193295939681
Q:GC,0.04955709691722409,0.10239332349831493,0.08821892693917924,0.06625181729056756,0.06772474668433634,0.06495861824442098,0.05361972056152672,0.052853151267530096,0.04962857349477558,0.04332937898234826,0.04738218026398525,0.03140930910077129,0.02217279370066193,0.03958951439740669,0.03904510994666372,0.03736031030128124,0.03208872381526935,0.033812850689632336,0.031807927022565435,0.024357797164792017,0.022438129716746955
Q:TA,0.06453086446504731,0.09575317277555,0.10148451427965886,0.06353764712932475,0.07095098943805277,0.06335097410810751,0.05439546661707909,0.05114249086306294,0.045402021755544315,0.04394119311467971,0.03569971146747623,0.03507993243433041,0.013988882566745554,0.04194664570138992,0.04161145230312714,0.04034767902482456,0.032828440524785285,0.031996487767095495,0.032569903003406536,0.019849578941009915,0.01959195171970168
T:AA,0.04860006917135859,0.10653137408970456,0.08419840321675003,0.0684333496960647,0.0763053864748522,0.06274783093880415,0.05148711502805417,0.04996928080389233,0.051616551253809026,0.04317173175964137,0.04750439649117035,0.03264671868816093,0.02012762520500176,0.03914781173194003,0.03646268392763153,0.03684044625314206,0.03519410847378865,0.03529261283404916,0.030801045636441836,0.02109596273048429,0.021825495595258284
T:AG,0.04021768496993253,0.10975925422603834,0.07669523260475145,0.0690292223701277,0.07355879603017183,0.06411120154580231,0.050740090536997864,0.051550594882090156,0.05358485601826175,0.042768929730133486,0.054716587494575586,0.030963959344574018,0.025260201450812533,0.038339717378400466,0.03530027224240076,0.035825794558906984,0.03462460069260705,0.03482552600816051,0.030167187852070624,0.024205685598603262,0.023754604464580782
T:CC,0.03586065850198008,0.11183976564260863,0.07184420348058017,0.06955921125610884,0.07102605108014863,0.0652659302517594,0.05015521031959552,0.05303917838449852,0.05430224597315724,0.042535952866874484,0.05949832483626726,0.02963306428795581,0.029211821282193667,0.037368733179152,0.034684812462095135,0.034872414508130604,0.034084043801962075,0.034172884110272056,0.02958143804296219,0.026115639063898164,0.02534841666779951
T:GA,0.04153935632158841,0.10938939495453974,0.07822807782186118,0.06840229157330263,0.07435354445349898,0.06351894437618905,0.05043806412047849,0.051246457696952456,0.0529589217150476,0.04299378135306192,0.052892175711504424,0.0314135243865674,0.0245559686045631,0.03868982591503266,0.03537123588039171,0.03613949073391582,0.03515052605798149,0.03507995297983243,0.0302128101025779,0.02371006362222983,0.02371559161888278
U:AA,0.047735916863825584,0.10491366329692256,0.08475444448317525,0.06850756388169778,0.07748146526181837,0.062270018769168684,0.05118896767608431,0.04978368569915031,0.05123197524021148,0.043460996901589756,0.04822239083762141,0.03304538476304845,0.019754292287457453,0.03952501925766784,0.036029918241442305,0.03738015200915531,0.03569027631378044,0.03538173631748223,0.030590345096425806,0.02134165680258399,0.0217101299996907
U:AG,0.03957599629240363,0.10903158639355558,0.07674761554513443,0.0689725195800979,0.07384609437013724,0.06415955533204297,0.050920070807623556,0.05139630973416823,0.05364443390872527,0.042904915789013086,0.05526214489692799,0.03104095163581935,0.025119349346228982,0.03846616669368633,0.03532629436374256,0.03605703666481026,0.034602754363863036,0.034913472758321816,0.03019074910750712,0.024358367971790282,0.023463614444400385
U:CC,0.03622239539776019,0.11157119670777417,0.07196023647962685,0.069439722560509,0.07104954170122016,0.06511106306635016,0.0498005289698945,0.05295882393441861,0.054242841123528195,0.04269135251313325,0.05943181564026539,0.029747754772328498,0.02934675156263636,0.037299894179708554,0.034456876148158934,0.03484721400564229,0.034160035539479564,0.03421409905182739,0.029504240924693052,0.026321457750163247,0.02562215797088166
U:GA,0.040716162866367034,0.10886804921273904,0.07798709851066878,0.06867931251508767,0.07444667311286296,0.06372227218109949,0.05071116118947809,0.05120710349630193,0.053101536074112055,0.04299065744196926,0.053742745745719335,0.03129815158437452,0.024361964527536282,0.03878487733215476,0.03542633398210951,0.03633526767406235,0.03496255858766255,0.03515039747104847,0.030308649704976993,0.023883463835423464,0.02331556295424545
