 ,X,Y,1,2,3,4,5,6,7,8,9,10,11,12,13,14,15,16,17,18,19,20
AA,0.06271516105567997,0.005178491989513385,0.09614502733408781,0.10034144464301158,0.06351055099899151,0.070437336930507,0.06339682580439919,0.053976189147540266,0.05078890498018474,0.04564053067633314,0.043526655147541705,0.03651943109776464,0.034352008544134886,0.014435074544873593,0.041521943517814325,0.04108404007991102,0.03980989630372356,0.03234437116005334,0.0322414655364145,0.032352904786801064,0.020044292234598807,0.019637453486119998
AC,0.05437253286623475,0.004369286012479137,0.09932082191630241,0.09364313720165486,0.06454529798282924,0.06900679365293498,0.06354201593363103,0.05366349517250917,0.05172993229970822,0.04778902469896346,0.043571067786351766,0.041839942289081916,0.03278652223376361,0.01878709694665901,0.04083522614216311,0.03993461277362284,0.03854643797042026,0.03233937339028712,0.03353802476196486,0.03219716458676107,0.022453576172750365,0.021188617208926803
AG,0.05472026235619956,0.004256344315616987,0.10024001767201968,0.09268482819520725,0.06476654707855559,0.06890600064102226,0.06426237706542189,0.05369873437291972,0.051876429235994205,0.04811261356656751,0.04328253938345737,0.04288006422071088,0.032372638766548806,0.018785147733822203,0.04051646566631648,0.03960013988513974,0.03815170323736165,0.03209112529657503,0.033223952716704724,0.032007832246670316,0.022556190435147797,0.02100804591202036
AT,0.06445364731535463,0.005588206015881201,0.09591459078304355,0.1010068377041682,0.06303274893815268,0.07059176238607623,0.06295822251810722,0.05393502844677143,0.05080646309348112,0.04497136591110844,0.04360287847598088,0.03519764757091596,0.03472783597049076,0.014095201851514562,0.041806354292286706,0.04123185257295323,0.04005012391914752,0.032705218445870834,0.03187265713825831,0.032287475197894655,0.019763995488505742,0.01939988596403611
CA,0.054765508501703856,0.004392050376929735,0.1000585536345297,0.09323152625656782,0.06465909994040103,0.06900595277349869,0.06376829250233187,0.053637009791374944,0.05170633089972192,0.04784884697199515,0.04340845794875965,0.04214936521291013,0.03254156285784164,0.018911453243613607,0.04069011558590964,0.0397052954119766,0.03834127038174541,0.03227107191684779,0.0333691588112203,0.032032763184803255,0.022509183881624813,0.020997129913692444
CC,0.0514924100783252,0.0038665175526631204,0.10247421320971566,0.08797878137771717,0.0655951586157132,0.06732062304143033,0.06491141480959443,0.05313842046761816,0.05282567021983642,0.048976966773809805,0.043059671411128035,0.04677952831605957,0.03114359811285432,0.022147281931484044,0.03965597588867743,0.038666841176447087,0.037032483078131895,0.031760850194405825,0.03336504878156682,0.031341411265606925,0.02406637179778052,0.022400761899434036
CG,0.03956807828234625,0.0032611984318827035,0.10014375224637564,0.08398595868619513,0.06633871589487432,0.06441572751612434,0.06408572599899401,0.052284055133827716,0.05466467036216768,0.049717056375410545,0.043789862678775174,0.0507259362080255,0.03127219474425297,0.02705033137175198,0.038810697751227426,0.03949277459763073,0.037212380004743306,0.03258422422949562,0.03537215854951914,0.03202337565371456,0.02656893272446994,0.026632192558195295
GA,0.056198878698256266,0.00463000447980954,0.09964036991030559,0.09426672194243514,0.06426036955353638,0.06916634082663914,0.06396586667241087,0.05361122186629275,0.051718959006208674,0.04745514476338843,0.04333097537242987,0.04130599803997241,0.03274409094885401,0.01806344819027291,0.04087733647494218,0.039870200876667,0.03849129708033974,0.0322428914118462,0.03315319752257751,0.03207927938005874,0.02209544506392212,0.020831961918834515
GC,0.04938150062138765,0.0035433127999757418,0.10203051192453129,0.08790633968615552,0.06601706637834023,0.06748477672253461,0.06472844954092678,0.05342972911932994,0.052665876020124805,0.049452723935067,0.04317584943918511,0.047214290378165116,0.031298016093796135,0.022094228556931154,0.039449236364297535,0.038906760908813245,0.03722793103557964,0.03197502342943982,0.03369304118298009,0.03169522158760568,0.024271489870318796,0.02235862440451409
TA,0.06418468887019801,0.005364496473416979,0.09523950521787708,0.10094010096069919,0.06319679964537027,0.07057037310542688,0.06301112803091705,0.0541036623282419,0.05086813715118628,0.0451584627699507,0.04370547073917827,0.03550820049120695,0.03489174626049874,0.013913839255549202,0.041721623068453145,0.04138822781399326,0.04013123404298533,0.032652332471362296,0.03182484272130718,0.032395181873605225,0.019743095944782057,0.019486850763793986
