,X,Y,1,2,3,4,5,6,7,8,9,10,11,12,13,14,15,16,17,18,19,20,21,22
B:AA,117233,0,162448,162904,303187,158993,114463,181503,134964,78762,69050,122343,135838,119963,45260,130221,131119,118423,102299,28244,101215,21700,96703,30439
B:AG,88652,0,133529,123433,221718,107149,91558,138054,95617,62946,57519,97130,116204,96446,29131,110439,94694,111700,100279,21033,105541,19855,74788,41221
B:CC,68105,0,109521,97714,166378,76104,72635,108571,72839,52097,47800,78568,99410,81338,19558,94901,70500,103904,97293,16384,108660,18514,60891,44275
B:GA,74338,0,109182,101456,183533,90007,76092,114707,80304,51411,47023,80673,95179,79382,24736,88500,78316,89323,81054,17571,86965,16059,61566,31152
N:AA,22169272,4337121,23959999,28335960,21461503,25700822,23546817,20578170,17048266,17503816,14458254,13813964,14399168,13906164,14055131,10378106,8213290,7979504,6955995,10539916,4576786,6717275,5370849,3388141
N:AG,14646022,2887167,17475157,19561887,14219704,16096746,15525713,13729074,11819200,12074783,10116532,10062688,10276339,9706011,8869359,7220025,6116337,6197021,5679265,7032038,3925367,5268661,3582616,2983782
N:CC,10170202,2024739,12898260,13936839,9692545,10560978,10525763,9531661,8502152,8522285,7332344,7492871,7388544,6898406,5864083,5163520,4585566,4908383,4592626,4721560,3308701,4122657,2510225,2567379
N:GA,12848377,2563592,14921744,16824482,12287079,14079329,13488262,11877427,10230171,10441640,8724589,8664868,8897261,8373707,7762250,6237536,5235698,5363566,4880140,6176401,3341147,4538968,3179952,2562427
Q:AC,15677302,2427343,23227569,24212137,19959317,18999277,18284588,17121602,16057454,14614644,12298911,13490887,13541963,13444365,9870772,9135826,8576598,8337004,8394820,8116821,6007464,6490658,4075841,4000756
Q:AT,12629322,1963217,17121783,18987429,15871866,16167879,14643766,13694342,12296871,11482601,9237628,9986385,10125626,10240768,8253781,6966206,6166727,5457447,5270038,6358340,3312538,4368244,3092310,2350607
Q:CA,22408562,3506379,33564662,34785903,28462436,26869234,26068539,24362832,23066723,20978763,17755257,19572043,19663531,19251221,13951051,13119462,12440167,12311258,12353348,11576090,8854071,9622542,5848363,6001493
Q:CG,1322709,169449,2375159,2192670,1673293,1503429,1566535,1511189,1622825,1338200,1255728,1388978,1333114,1315968,842469,895881,906026,1150891,1248328,756014,1105620,773477,462299,634646
Q:GC,6075168,891184,10145272,9960035,7949313,7152326,7225755,6810845,6733446,5952115,5274884,5839868,5844239,5611121,3759120,3847025,3794977,4074175,4249810,3227774,3264319,3065483,1705746,2135821
Q:TA,10650518,1605914,14554789,16181028,13644769,13946817,12519038,11752768,10398223,9732394,7800425,8356118,8515185,8729067,7090153,5933712,5192104,4406479,4312991,5370826,2624629,3528355,2563211,1851025
T:AA,5060373,275733,10802113,10687171,10073222,7775424,7291903,7566203,7780133,6169083,4985764,6441949,6051949,6634812,3533888,4013749,4228324,3348841,3889670,3120075,2416974,2553407,1319720,1549577
T:AG,3285753,156450,7721227,6956485,6585301,4740915,4737434,4838620,5172260,4020524,3521357,4380079,4424480,4494806,2173465,2727188,2970572,2811320,3260489,2035978,2374255,2020648,953222,1429260
T:CC,2387119,101949,6095777,5148361,4802346,3291328,3460585,3497382,3902359,2961087,2799790,3395267,3523916,3425302,1550464,2092089,2335860,2535823,2946183,1495939,2441044,1736511,781966,1366866
T:GA,2794064,134371,6350733,5817201,5514966,4021347,3976761,4071915,4342559,3389767,2908459,3646487,3640930,3748324,1843088,2248684,2443796,2284563,2623285,1713314,1923067,1650816,798610,1132478
U:AA,4193701,215168,9025221,8939327,8496105,6616833,6125945,6411929,6520365,5209708,4106071,5256069,5122504,5584894,2976301,3283222,3482516,2777784,3232554,2624752,1996015,2128272,1096716,1241880
U:AG,3174535,148185,7563528,6824967,6458582,4652739,4648124,4764654,5051278,3934702,3431344,4265553,4328974,4393318,2149442,2654150,2915569,2736718,3189290,1997928,2296348,1976636,921900,1386649
U:CC,2347137,98928,5854517,4948137,4622138,3165941,3347842,3366785,3768754,2850367,2697035,3237290,3397427,3296689,1481298,2009247,2237513,2454796,2859990,1447107,2390480,1677585,753002,1316580
U:GA,2704532,129416,6308655,5762668,5450806,3979033,3927224,4048274,4273349,3346430,2864741,3592805,3611945,3705715,1838303,2218436,2425038,2246999,2600410,1695440,1879544,1627845,778072,1113275
