 ,X,1,2,3,4,5,6,7,8,9,10,11,12,13,14,15,16,17,18,19
B:AA,0.030473393671145765,0.05143465853019846,0.06677170835253754,0.08274423442902486,0.04910235504275148,0.05486500716370213,0.06062209956239426,0.10424979609718617,0.080400255524835,0.052350900758401715,0.0669029177978385,0.05969696177857739,0.021482210834675542,0.028732644632004763,0.04451669612392843,0.01946069582147954,0.06574593959584155,0.02675838725800614,0.020823383747041534,0.012865753278429223
B:AG,0.02523691848067884,0.04814960384878711,0.06442557497827335,0.076386183462848,0.04621091795970023,0.05594353606163223,0.05612391914227557,0.1109517311012704,0.10263854918983216,0.053955288048151334,0.06297559468786235,0.06277100684879403,0.02063109873466744,0.024355750013254986,0.040971164064463036,0.021114617599395112,0.06255201141542512,0.030196588742712638,0.01984271517453936,0.014567230445436712
B:CC,0.023240093053513048,0.04663517827373654,0.06436395362459733,0.07032060093300918,0.04545345396041369,0.056951980807167187,0.05215741091770643,0.11585773611019143,0.11523558445508611,0.054038419138112574,0.06179530410118005,0.064536409697416,0.020360731533920363,0.021959406605576954,0.038198656297957524,0.021721460884852464,0.058545562239542215,0.032985680324654015,0.019328905748026398,0.016313471293340504
B:GA,0.026232859272744845,0.04891693613129341,0.0635672043456716,0.07682320499772431,0.046369314284354125,0.05584932389203334,0.05674950284587826,0.11236945421601842,0.09791898533674843,0.05300669147448303,0.06454600469853021,0.06300242860780256,0.020712771505296847,0.024692168370971827,0.041509934787516654,0.020969553322259016,0.06236263795711311,0.02964820169778944,0.02037087661417306,0.014381945641597501
N:AA,0.07995424612800636,0.07656323500515304,0.06297684889979863,0.07131800690626408,0.057433608190548,0.052620777989310426,0.05516158522627286,0.05252649391281941,0.047736296410315286,0.04193114787852969,0.04928323400601305,0.037712041615892776,0.048997012042003206,0.048504623280921276,0.048999361267503455,0.03961594505371136,0.039882941723321214,0.034148218588638535,0.035516858187732175,0.019117517687245164
N:AG,0.07266343709104289,0.07545329218502032,0.0640830589478371,0.06742413711377576,0.05852683154449186,0.0540283762556104,0.05489384376083987,0.055322027421550006,0.04833218459456757,0.044387749727527785,0.04827773303557391,0.04113271646050616,0.05002473961279883,0.04933648598183539,0.047641846146240396,0.03992098014389594,0.03819593892092096,0.03496500420735057,0.03538424602481078,0.020005370823803485
N:CC,0.07114987794257178,0.07417646239928244,0.06456879894229872,0.06481182380964591,0.05930752969221898,0.05533083390970064,0.05450358494642716,0.05732625480031563,0.048387258198544926,0.04528139838465126,0.0476230728886491,0.042979085294733925,0.05027241187683234,0.04941390107264217,0.046686416900275515,0.04008849832230841,0.03702052441885688,0.03580754741082012,0.03482793856972287,0.020436780219501197
N:GA,0.074157191879513,0.07558603338367932,0.06372477676427248,0.06811971035049388,0.058312493229861775,0.0538319953155753,0.054989837128357734,0.05516623371845627,0.048290839006624,0.04381584917460519,0.04847577363519123,0.04023922858234839,0.049806593756961746,0.049234632041710184,0.04787985840447514,0.039901232625015076,0.038474608660463004,0.034824604879404676,0.03538185623394328,0.019786651229048338
Q:AC,0.0610545069303512,0.07475014592376496,0.07000339926033974,0.06073823845646128,0.059353104095026026,0.0583853572108067,0.05720006427105061,0.05562023398890392,0.04921987672524757,0.04769560097102429,0.04977477606427457,0.04697609331252232,0.04598734970145818,0.04579347588646485,0.047465635246960555,0.03927552447408723,0.037102020089914874,0.036260932538004775,0.03440120828987917,0.022942456563457166
Q:AT,0.07103887231488586,0.07679404827508599,0.0685508214417784,0.06444085995720394,0.058039591417720846,0.05618283727320021,0.057995422156340785,0.05290430250347285,0.047844829679153975,0.04493600483110347,0.05043136693087864,0.042026599649218545,0.045962184126956004,0.04552872799427341,0.04882496560803269,0.03920555961091183,0.038553189842722504,0.03461021010171878,0.03454762455838192,0.02158198172695934
Q:CA,0.06099561378763804,0.0745567852461619,0.07013103793030606,0.060323585174261084,0.05953506673786772,0.05845040614778242,0.0571578734676794,0.05634465946171478,0.049308707740228115,0.04782479554844711,0.04935587362775057,0.04728875657505435,0.04602607847948137,0.04561317621867296,0.0474309916146326,0.039316902859107196,0.03692663098741605,0.03630739436943113,0.03424906286204621,0.022856601164320926
Q:CG,0.04502220397116239,0.06902638051893503,0.07136281629797134,0.05585959138915747,0.06247803905586123,0.0633642846360637,0.05467481999470194,0.057452666940807716,0.0529182727200724,0.050068115562597125,0.05178480312278823,0.05456175908704185,0.045092685325045886,0.04578300868533799,0.0441561696108693,0.040782630955926456,0.035410010387441584,0.04016944786651817,0.033882586130160534,0.02614970774153967
Q:GC,0.05484669636992293,0.0726239682931416,0.0713963267056359,0.05748052525802853,0.06099481767172184,0.060012754111933485,0.05629974510895447,0.058104417150391684,0.050264131409950744,0.04953170873208893,0.04882352934428477,0.05132112356101352,0.04605130530232874,0.04516772532857115,0.04618709066982834,0.039713166699080274,0.03595107841725425,0.037501329748283525,0.033839885534961846,0.023888674582623465
Q:TA,0.07084082972475743,0.07694851867613035,0.06874337863630756,0.06453352213931703,0.05805486758503423,0.0560812788836077,0.05797015105401802,0.05214077246140416,0.047609047302114495,0.045073570023911526,0.05063999259053441,0.04232350132942675,0.046025981746498426,0.04550886997341762,0.04872927357390096,0.03918157406219336,0.03867189021682841,0.03452951893552319,0.03463395301451092,0.02175950807056347
T:AA,0.05207498981069278,0.07633924954320888,0.07933691447815207,0.05159565903032139,0.060070260407914224,0.062003031912081764,0.06226349983152752,0.05300449982085155,0.04659885056491794,0.05197344416553207,0.05157578297310502,0.052574422879826097,0.04101624244463395,0.04166845721753017,0.047923371626541575,0.03791447867994453,0.034923299049307174,0.036183516487340285,0.03351260531468964,0.027447423761881345
T:AG,0.043313074672007935,0.07309807425079803,0.07977509650170711,0.048240903032322334,0.06217336101267547,0.06447366291385109,0.06049775689523544,0.058056169579599644,0.04940103123784294,0.05382253897040262,0.05034925136974078,0.058355754535150205,0.04021309545383472,0.03982187746436693,0.04663875503425353,0.03875966402058461,0.0340076572123678,0.038511803079220114,0.03243909641007408,0.028051376353964617
T:CC,0.03887580946372986,0.0705081726811732,0.0796497059959802,0.04592797015937998,0.06409557614131256,0.06641751922894153,0.058463149662329954,0.061492884494379924,0.05145025411070758,0.05442161933271158,0.04979704145385616,0.06260320418769895,0.03962772122133165,0.03829956243731405,0.045531019750997465,0.03941873948733212,0.03305207890407592,0.040068717522755204,0.031613481111844345,0.028685772652147754
T:GA,0.04495160046329584,0.0737820573597972,0.07928967921678706,0.048889286414706856,0.06162227447875191,0.06409118316608259,0.06101270295125333,0.05742940580663619,0.04933658431639481,0.053286050685442135,0.05090347748979412,0.056794564957881835,0.039993069730000476,0.04010024875067776,0.04705269652539348,0.03867330498624238,0.03417902684410601,0.038225876914193796,0.03255715296463891,0.027829755977923303
U:AA,0.051822784328580555,0.07673273394636618,0.0799778410974843,0.05217751056214751,0.060337856779469304,0.06183735097564346,0.06288897731161358,0.05230646108203489,0.04751123956449917,0.051702869457742724,0.05211935640611987,0.05251576983871084,0.04053225312148946,0.041016160900061535,0.047726311114389956,0.037907910461749135,0.035004566468146786,0.0355747621281962,0.03326498583572168,0.027042298619832844
U:AG,0.04275495043144566,0.07337815305440407,0.07988202745035078,0.04837671305088069,0.06249729433847408,0.06448107492943148,0.06050054049199429,0.0577756835590239,0.049625138338472846,0.05396378752357562,0.05028563294634521,0.05863125027300212,0.040213876645108323,0.039619737733668586,0.046640802375252755,0.038623149504993744,0.034094954375203976,0.03827536325045864,0.03246754855665433,0.027912321171258917
U:CC,0.03952266834151459,0.07037631747121931,0.0796221429901353,0.045908122998048584,0.06378487798532352,0.06649780589005157,0.058674003714444235,0.06133345587097762,0.0517200361826294,0.05424435418530382,0.050221458084010476,0.06242396710232014,0.03943406747029521,0.038267170354426186,0.045337058297590736,0.03931439437486166,0.033100080875971036,0.040161694150730724,0.03158900633935293,0.028467317320792964
U:GA,0.044197176023944976,0.07391076937042755,0.07957898699791341,0.04893724105488652,0.06218197033662314,0.06411195450990557,0.0609319258380638,0.05728801498210158,0.049452656326413984,0.05347134253111452,0.050647488008429484,0.05734155672899154,0.0400176282656942,0.0398086095230276,0.04701648996342906,0.03856977300679327,0.03411583223547714,0.037988899067409786,0.03255657233298423,0.02787511289636865
