 ,X,Y,1,2,3,4,5,6,7,8,9,10,11,12,13,14,15,16,17,18,19,MT,M
B:ACA,1397,0,2093,2395,2345,2152,2342,1457,3960,4114,2724,1715,2252,959,1203,1318,853,1493,1248,555,948,0,0
B:ACC,1012,0,1756,2175,1801,1705,1955,1225,3626,3913,2257,1478,2198,791,869,1004,717,1279,1234,365,938,0,0
B:ACG,291,0,610,721,779,628,760,451,1217,1613,833,515,724,340,315,384,324,412,519,137,311,0,0
B:ACT,1062,0,1684,2009,1820,1732,1745,1178,3057,3157,2195,1241,1868,760,983,1109,629,1325,911,448,738,0,0
B:ATA,876,0,1229,1164,1194,1056,821,715,1708,1237,1424,790,1079,433,758,756,399,761,422,300,360,0,0
B:ATC,1011,0,1538,1663,1623,1326,1462,948,2621,2471,1872,1145,1636,633,810,911,561,982,804,395,628,0,0
B:ATG,1401,0,1885,1981,2013,1778,1956,1252,3318,3291,2451,1346,2147,901,1047,1233,759,1248,1072,492,832,0,0
B:ATT,1115,0,1509,1482,1608,1353,1227,823,2161,1495,1793,1118,1394,599,1031,1009,513,930,550,410,511,0,0
B:CCA,1588,0,2494,3220,2647,2606,3064,1928,5316,5962,3471,2190,3269,1186,1324,1455,1081,1993,1853,603,1382,0,0
B:CCC,1210,0,1997,2874,2102,2249,2617,1642,4625,5750,2737,1993,2883,979,893,1096,953,1601,1760,439,1185,0,0
B:CCG,413,0,928,1440,1045,1075,1161,682,2038,2622,1143,903,1409,537,458,513,525,672,813,218,580,0,0
B:CCT,1590,0,2506,3148,2512,2567,3138,1850,5341,6159,3480,2140,3156,1118,1217,1440,1085,1975,1905,580,1309,0,0
B:CTA,770,0,1120,1334,1098,1083,1046,688,1900,1857,1489,853,1152,516,642,695,446,802,591,286,476,0,0
B:CTC,1393,0,2397,2854,2469,2446,2900,1752,4835,5460,3150,1909,3039,1086,1161,1462,978,1825,1666,542,1153,0,0
B:CTG,1804,0,3054,3927,3318,3308,3986,2337,6435,7783,4321,2833,3835,1391,1593,1859,1361,2545,2283,789,1592,0,0
B:CTT,1607,0,2391,2677,2489,2414,2426,1547,4245,4218,3144,1741,2660,1017,1356,1483,919,1846,1294,668,985,0,0
B:GCA,1232,0,1952,2515,2295,2058,2544,1533,4020,4979,2790,1795,2462,931,1100,1267,926,1581,1499,550,1010,0,0
B:GCC,1220,0,1953,2841,2041,2194,2698,1565,4443,5667,2854,1836,2816,996,982,1115,1044,1624,1744,509,1216,0,0
B:GCG,374,0,707,1255,904,856,1019,573,1635,2331,981,723,1183,456,388,460,482,515,706,182,455,0,0
B:GCT,1270,0,2182,2776,2339,2409,2793,1585,4297,5323,3024,1945,2711,1083,1153,1319,1003,1796,1603,584,1126,0,0
B:GTA,788,0,1194,1336,1257,1187,1138,751,1987,1972,1533,856,1247,555,717,805,461,800,636,292,475,0,0
B:GTC,876,0,1541,1783,1673,1560,1730,1045,3126,3560,1964,1225,1903,720,756,934,643,1158,1045,364,762,0,0
B:GTG,1152,0,1941,2480,2232,2012,2417,1499,4169,4899,2591,1646,2310,903,1026,1155,902,1460,1487,456,1053,0,0
B:GTT,945,0,1474,1693,1596,1465,1502,1010,2571,2368,1927,1217,1587,676,870,916,521,1093,746,396,650,0,0
B:TCA,1421,0,2252,2369,2290,2069,2253,1400,3959,3956,2751,1583,2385,956,1153,1381,817,1532,1203,575,933,0,0
B:TCC,1357,0,2226,2775,2361,2345,2695,1669,4614,5122,2978,1921,2826,1046,1137,1284,924,1747,1587,528,1118,0,0
B:TCG,376,0,593,862,781,621,730,407,1244,1543,819,516,867,336,314,394,339,402,504,131,349,0,0
B:TCT,1649,0,2582,2846,2692,2534,2677,1704,4709,4657,3407,2007,2947,1052,1392,1615,974,1937,1413,669,1028,0,0
B:TTA,857,0,1303,1211,1333,1212,1048,718,1681,1297,1507,875,1113,504,884,870,424,863,449,325,460,0,0
B:TTC,1513,0,2174,2545,2358,2235,2272,1433,3958,3772,2969,1746,2430,952,1268,1365,870,1657,1178,600,884,0,0
B:TTG,1296,0,1910,2102,2011,1794,1835,1233,3341,3033,2382,1456,2095,842,1113,1167,658,1349,960,545,796,0,0
B:TTT,1691,0,2403,2457,2688,2203,2108,1459,3412,2579,2920,1805,2175,1017,1608,1708,808,1650,890,703,790,0,0
N:ACA,2557,101,2813,3098,2314,2282,2852,5422,5394,1937,2368,1803,2259,5342,3030,3978,2131,1556,3174,1257,1079,0,0
N:ACC,1570,63,2001,2272,1669,1643,2093,3763,3405,1431,1746,1209,1806,3527,1810,2463,1512,1107,2478,865,826,0,0
N:ACG,448,19,644,636,630,509,744,721,869,533,625,467,590,925,630,732,496,269,819,282,284,0,0
N:ACT,2073,88,2167,2276,1843,1747,2147,4628,4067,1483,1791,1428,1744,4298,2149,3174,1608,1137,2361,1016,889,0,0
N:ATA,2030,107,1915,1706,1282,1289,1492,3264,3094,1081,1422,1097,1065,2195,1812,1681,1099,817,1534,739,639,0,0
N:ATC,2063,70,1871,1943,1554,1421,1958,3891,3658,1221,1596,1256,1456,3091,1785,2171,1381,972,1989,809,749,0,0
N:ATG,2521,83,2561,2658,2023,1922,2459,4459,4878,1667,2196,1596,1960,3881,2636,2691,1845,1313,2745,1090,929,0,0
N:ATT,2469,155,2286,2180,1718,1750,2083,4329,4031,1453,1850,1449,1518,2912,2365,2225,1493,1084,1923,1133,818,0,0
N:CCA,2582,78,3124,3595,2692,2649,3252,6029,5818,2267,2646,1961,2936,5607,2687,3857,2399,1785,3811,1328,1271,0,0
N:CCC,1623,21,2358,3083,2261,2183,2573,4070,4125,1955,2063,1633,2392,3779,1864,2841,1878,1268,3509,970,1218,0,0
N:CCG,543,17,891,1151,942,871,1050,1051,1137,918,855,670,981,1464,754,909,650,444,1349,433,512,0,0
N:CCT,2355,77,3018,3688,2602,2546,3094,5498,5337,2195,2588,1899,2702,5276,2545,3958,2259,1691,3823,1313,1308,0,0
N:CTA,1441,63,1518,1595,1100,1155,1404,2596,2602,988,1173,933,1051,2322,1412,1531,1063,765,1452,726,631,0,0
N:CTC,2299,67,2743,3556,2558,2512,2920,5410,5106,2059,2334,1785,2449,4943,2430,3969,2052,1562,3643,1222,1265,0,0
N:CTG,2878,93,3553,4576,3280,3207,3881,8023,6758,2667,3105,2287,3524,7470,3241,5707,2865,2135,4558,1587,1549,0,0
N:CTT,2914,116,3073,3238,2696,2324,3077,4962,5524,2083,2588,2007,2343,4662,3123,4075,2310,1570,3302,1465,1230,0,0
N:GCA,2068,64,2367,2899,2210,2026,2555,4510,4237,1856,2221,1606,2358,4300,2376,3699,1894,1367,2842,1088,989,0,0
N:GCC,1621,45,2315,3007,2113,2056,2479,3639,3941,1867,2065,1497,2328,3964,1828,2643,1748,1300,2932,985,1054,0,0
N:GCG,458,12,784,1030,823,752,857,907,979,936,725,658,968,1312,618,810,583,427,1180,382,434,0,0
N:GCT,2073,64,2484,3293,2365,2175,2673,4433,4360,1916,2139,1674,2408,4533,2310,3669,1957,1435,3107,1125,1098,0,0
N:GTA,1419,79,1566,1436,1144,1057,1336,2907,2555,902,1210,881,1006,2607,1567,1796,1088,725,1456,642,501,0,0
N:GTC,1411,55,1779,2045,1571,1534,1923,3537,3247,1389,1565,1180,1705,3525,1638,2498,1394,968,2334,780,793,0,0
N:GTG,1964,46,2373,2833,2070,2096,2584,4588,4511,1742,2124,1492,2164,5099,2395,3682,1888,1340,3078,1044,1015,0,0
N:GTT,1849,89,1902,1971,1661,1480,1979,3506,3437,1381,1620,1361,1522,2864,2023,2393,1376,1036,1963,943,760,0,0
N:TCA,2710,112,2713,3101,2327,2144,2829,5539,5380,1816,2340,1794,2153,4981,2764,3610,2000,1413,3118,1219,1075,0,0
N:TCC,2287,65,2718,3150,2466,2365,2812,5206,4959,2087,2266,1822,2478,4850,2345,3652,2044,1515,3575,1220,1204,0,0
N:TCG,481,14,653,618,627,537,733,838,837,572,598,471,646,962,563,718,489,302,800,288,296,0,0
N:TCT,3025,110,3217,3693,2809,2741,3366,6429,6217,2212,2698,2012,2538,5235,3203,4504,2443,1771,3652,1550,1384,0,0
N:TTA,1967,119,1822,1786,1385,1392,1650,3254,2942,1126,1487,1155,1084,2197,1921,1780,1201,853,1450,912,745,0,0
N:TTC,2717,106,2906,3024,2555,2311,2943,5163,5364,2009,2411,1889,2225,4437,3021,3853,2149,1502,3166,1462,1152,0,0
N:TTG,2541,133,2527,2597,2147,1865,2565,4417,4667,1796,2166,1779,2057,3815,2571,3079,1831,1339,2580,1171,920,0,0
N:TTT,3493,189,3624,3341,2821,2665,3404,6147,5967,2320,2677,2287,2305,4080,3889,3660,2278,1786,3235,1902,1334,0,0
T:ACA,32604,848,57862,80154,40816,54800,56804,45595,72990,41264,53826,42859,66922,29653,32522,32608,35196,28077,43161,24886,29263,0,0
T:ACC,22982,455,41969,57763,29552,43210,43860,33329,55774,33086,39891,31875,56146,21531,22007,23718,28710,19915,34512,17928,22842,0,0
T:ACG,6473,127,13987,18953,10174,14811,15786,11118,17761,12273,13400,12075,18575,8113,8019,7853,10218,6911,11517,6584,7848,0,0
T:ACT,27264,782,44810,58949,32679,41712,42990,34490,51541,31055,40460,32001,50659,23214,24715,24543,26615,21688,31157,19274,21792,0,0
T:ATA,24826,786,33258,44323,24756,27033,28626,25706,35379,19856,29549,23131,32053,16821,18581,18233,16903,15951,21048,13813,15685,0,0
T:ATC,25575,682,39271,52180,28581,36319,36906,30390,45710,26934,35596,28195,44401,20454,21613,22074,23155,18558,27212,17220,19547,0,0
T:ATG,28266,684,46339,64108,32674,43050,44506,37187,59985,32295,42956,34081,53921,23173,26245,25829,27586,22074,34278,19218,23319,0,0
T:ATT,28397,925,38739,48953,29450,31215,32998,28679,37768,22396,32250,26626,35713,19578,21996,21003,19067,17936,23170,17296,17029,0,0
T:CCA,36384,726,64246,90849,45241,67017,66259,52771,92060,51045,61919,49210,87339,32907,33601,36403,44878,30718,54331,27636,36066,0,0
T:CCC,22187,265,43074,62903,31258,50188,48693,36197,69097,38547,43366,35546,67469,21913,21769,25843,33790,20503,42251,18341,27044,0,0
T:CCG,8120,59,20188,29008,14973,23990,25198,16171,28967,19509,20065,18230,31144,11733,11334,11924,16277,10076,18814,9922,12776,0,0
T:CCT,33561,624,61648,83761,43018,63960,64130,47940,81152,48025,56797,45979,84308,31791,32187,35371,42443,29094,50240,25309,33314,0,0
T:CTA,15886,471,24169,31387,17670,21732,22127,17892,26558,15695,21391,16907,26635,12503,13093,13448,13623,11448,15877,10660,11632,0,0
T:CTC,32754,574,61340,83058,42722,63361,64387,48328,80577,48212,56254,46189,83829,32349,32346,34387,41939,29166,49710,26389,33143,0,0
T:CTG,41592,892,78444,108298,55673,80829,81754,61513,103509,61149,74030,59081,104290,41098,41390,44438,53299,38440,62229,34165,41505,0,0
T:CTT,40494,972,65024,84838,46888,59848,62096,48566,70192,43874,55764,46814,74417,34302,36672,35997,38230,30802,43229,26928,31019,0,0
T:GCA,28330,509,52438,74733,36380,54668,54493,42385,72645,42049,49660,40426,69649,27566,28042,30101,36022,25765,43118,22767,29174,0,0
T:GCC,22677,321,44365,66398,31351,51658,50642,36800,69511,39758,44752,36770,68505,24293,23730,26646,34910,21893,41158,19384,27452,0,0
T:GCG,7064,66,16254,24274,11661,19877,20504,13586,24862,16807,16547,15322,25423,10174,9411,9791,13310,8131,14996,8706,10669,0,0
T:GCT,28756,533,53848,75224,38124,56287,57770,42145,71064,42821,50853,41987,74124,29243,28657,30496,37750,26693,42483,23734,29329,0,0
T:GTA,19142,555,30108,41273,21793,27866,28379,23199,36484,20764,27545,21990,34384,15251,16570,16705,17943,14327,21393,12917,15268,0,0
T:GTC,20909,392,40580,56141,28640,41805,42543,32029,53151,32655,37718,31915,53725,21703,21527,22867,27724,19489,32932,18164,21964,0,0
T:GTG,23460,447,44420,63500,31204,46579,47392,36235,64860,36507,42322,35114,60186,23134,23902,25206,30065,21899,37679,19596,24417,0,0
T:GTT,23799,582,38823,50696,28836,34632,36692,29324,43012,26388,33755,28133,43661,19997,21436,21272,22572,18476,26130,16791,18457,0,0
T:TCA,36746,871,58266,79595,41711,56048,56952,45626,70703,41800,54006,42891,70020,30615,31773,32849,35746,27836,42820,24696,29898,0,0
T:TCC,32251,633,59488,78982,42108,59843,60742,46500,76516,45480,53850,44501,77715,30438,31240,33187,39796,27937,47413,25404,31680,0,0
T:TCG,7675,107,15741,21385,11650,16373,18034,12304,19779,13644,14635,13410,21349,9262,8673,8923,11529,7674,12747,7738,8914,0,0
T:TCT,41092,963,68495,89402,48952,63630,65323,51624,77012,46956,59214,48879,79827,35889,37872,37784,40156,32301,47066,29745,32766,0,0
T:TTA,22429,827,33420,41073,25284,26795,28773,23754,29748,19356,27515,23059,30967,17490,19189,18122,16578,15654,19130,14278,14513,0,0
T:TTC,38468,926,60614,77931,44383,54314,57147,45233,64427,39998,52084,43285,66886,31643,33993,33387,34326,28512,40141,25789,28515,0,0
T:TTG,31864,734,48599,65517,35589,44640,45930,37709,56900,33344,42202,35273,55984,24771,26934,26844,28995,23130,33269,20954,23530,0,0
T:TTT,41286,1231,59150,74553,44813,47610,52323,41947,53285,34327,47967,41440,54638,30994,34438,31739,29295,27545,33767,25503,25183,0,0
U:ACA,30845,807,53421,71358,38235,49008,51826,41381,64317,37653,47447,38952,61436,27213,29268,29047,31789,25356,38709,22897,25856,0,0
U:ACC,23735,431,42363,60436,29797,45242,44491,33786,61370,34700,40790,33121,59533,21568,22283,24263,29522,20450,35840,18306,23809,0,0
U:ACG,6326,101,15307,20991,11345,16293,17795,12057,18938,13689,14491,13686,20771,9232,8727,8788,11157,7627,12647,7807,8650,0,0
U:ACT,26414,641,42820,58876,31058,40360,40890,33591,52829,30273,38581,31475,50273,22042,23200,23952,25873,20758,30960,18447,21822,0,0
U:ATA,20350,744,26890,35022,20326,21467,23186,20035,26612,15887,22798,18419,24696,13636,15515,14666,12996,12593,16328,11623,11902,0,0
U:ATC,22979,538,37158,50473,26702,34727,35413,29778,47389,25880,34367,27470,44131,18550,20215,20907,22386,17789,26736,15793,18916,0,0
U:ATG,34009,837,52344,71186,37487,48080,49042,40932,63534,35876,47772,37576,59340,26718,28947,29308,30827,24922,37396,22428,25866,0,0
U:ATT,29742,950,41246,52846,30992,33376,35429,31245,41243,23857,35407,28626,37960,21147,23782,22291,20519,19231,25239,17707,18903,0,0
U:CCA,35041,606,61754,88469,43487,65923,64722,49766,89816,49870,58528,47217,85962,31225,32703,35512,42443,30085,51441,26656,33909,0,0
U:CCC,24943,282,50245,74647,35526,60600,58440,42559,84409,45709,51420,42279,82050,25687,24802,30693,39242,24678,48955,21635,31766,0,0
U:CCG,9040,89,20455,29466,14527,24379,25075,16306,29813,19412,20118,18142,31601,11712,11049,12142,16274,9910,18428,9646,12801,0,0
U:CCT,33645,558,62866,90051,43633,68678,66890,51807,95334,51004,61788,48416,90214,31803,32055,36862,44595,30451,54797,25975,36724,0,0
U:CTA,19959,469,30409,41678,21901,28641,28040,23652,38951,20812,27820,21928,36136,15126,15969,17086,18389,14689,21865,12729,15785,0,0
U:CTC,29134,449,57509,80056,40089,59739,59450,46351,81415,44038,54355,43606,78562,29044,29734,32219,38360,27598,47396,24134,31925,0,0
U:CTG,40340,692,77724,111575,53843,82947,82300,63485,112831,63214,74861,60684,108608,40368,40472,44670,54883,37835,66304,33160,44305,0,0
U:CTT,35309,866,58806,79286,42105,55569,55645,46824,72397,40680,54384,42559,69051,29981,32066,33529,35286,28371,42280,24405,30392,0,0
U:GCA,27050,545,49078,68842,34916,49979,51257,38710,63736,38494,46224,38122,64256,26526,26437,27863,33685,24141,38330,21468,26097,0,0
U:GCC,24903,340,47970,72109,33189,56796,55055,39887,75748,43188,48208,39403,73997,25660,25193,28921,37230,23672,43923,21171,29516,0,0
U:GCG,6886,63,16354,23896,11920,19533,20789,13562,24537,16996,16404,15222,25105,10378,9847,9637,13620,8449,15516,8777,10671,0,0
U:GCT,27940,479,53387,75761,37439,56151,56217,42663,74038,42669,50969,41714,74276,28676,28343,30592,37441,26190,43923,23174,30307,0,0
U:GTA,19320,574,30615,40074,21923,27300,28614,22863,32527,20395,27129,21641,33194,15824,16791,17025,17599,14642,20189,12970,14649,0,0
U:GTC,18448,348,35047,48803,25359,36151,36968,28143,47635,27649,33396,26907,45757,18252,19253,19788,23418,17088,28479,15118,18412,0,0
U:GTG,29017,634,54964,78041,38318,57549,58810,45040,76848,44668,53406,43067,73363,28616,29954,31117,38531,26765,46742,24280,30252,0,0
U:GTT,22458,653,37907,48752,27543,33433,34915,28413,40930,24898,33511,27108,39818,19769,21182,20737,21151,18058,24861,16233,18408,0,0
U:TCA,32219,798,53525,72682,38494,50122,51716,42762,67301,37231,49261,39230,62765,27169,30045,29907,32101,25970,38956,22908,26875,0,0
U:TCC,29041,480,54667,75436,38617,56862,56946,44128,77796,42422,51347,41189,74128,27521,28299,31300,36509,26302,44802,22794,30060,0,0
U:TCG,7057,106,14038,19287,10633,14852,15889,11259,18085,12109,13611,11978,19029,7978,7816,7941,10307,6811,11472,6741,8065,0,0
U:TCT,36675,794,65115,87615,45691,61561,61268,52129,83152,44723,59945,47008,77298,31959,34630,36073,38922,31072,48053,26750,33441,0,0
U:TTA,22684,856,33061,41220,25346,26074,28144,23977,30075,18610,28284,23151,30003,17488,19144,17730,16056,15429,19035,14367,14778,0,0
U:TTC,34324,840,57472,75499,41105,52583,53797,45860,69587,38712,51885,41255,64517,28645,31461,32198,33508,27588,40519,24053,29043,0,0
U:TTG,30679,783,47835,64566,34507,44030,44456,36981,55266,32371,43462,34124,52649,25020,26578,26889,27586,22827,33054,20096,24023,0,0
U:TTT,47291,1498,71274,88183,52638,56910,61549,53015,66822,41625,60368,49451,65679,36814,40777,37926,35447,33276,41729,29948,32095,0,0
