 ,X,1,2,3,4,5,6,7,8,9,10,11,12,13,14,15,16,17,18,19,MT,M
B:AA,0.033764476355013104,0.06433643607412419,0.08912770723440035,0.06695745281841411,0.061446091794706725,0.058792230229059786,0.05177000742292963,0.08322220835440876,0.07237684834232187,0.06285841911305845,0.04470180186689965,0.06995946949044544,0.025474443444502105,0.03620156209970374,0.03361995914104223,0.020541151276678205,0.039295544271534706,0.04276395740683567,0.017867582818217053,0.024922650445704225,0.0,0.0
B:AG,0.02735236941099245,0.05651240879598071,0.09066626271806913,0.059395591910929336,0.059006791385796155,0.0647731576156934,0.046898432174505796,0.08911610997500569,0.09940670049736171,0.060789214572445655,0.041945012497159734,0.07497790906107198,0.023595647453861498,0.027513948850008837,0.02918023681486531,0.020364058673533792,0.03673407558888132,0.048221363831452445,0.015875179883359843,0.027675528289025222,0.0,0.0
B:CC,0.02523582791548687,0.053334809729450414,0.08929560086685544,0.05543867419628686,0.05677270354493254,0.06786149295284497,0.0468070297546546,0.09216930045188267,0.11025515288609077,0.057616358468977225,0.0431845864245377,0.07733679231852192,0.023000142366768433,0.023991436902520945,0.026100574212632677,0.020632635736168015,0.03406256755830447,0.05180041233634413,0.014969602058518015,0.030134299318221366,0.0,0.0
B:GA,0.02861497195805901,0.05880882711533772,0.08851499634235552,0.06136308217507925,0.057772494513533286,0.0631553279687881,0.04784808583272373,0.09014874420872958,0.09525725432821264,0.060308461350890026,0.04225188978297976,0.07609729334308706,0.024189222140941234,0.028188246769080712,0.029602535966837356,0.02055596196049744,0.03578395513289442,0.048293099244086805,0.01602048280907096,0.027225067056815412,0.0,0.0
N:AA,0.06425909193584821,0.0685961147503953,0.06236164445448385,0.029726677208041563,0.044437542353738424,0.04509261350801898,0.09788796024395753,0.08994239891574429,0.03626044725547775,0.036034560650553424,0.03910661847752428,0.04330246216399367,0.06709961599277163,0.047103004291845496,0.0699006098938333,0.032104133724870115,0.028975604246668174,0.0524791054890445,0.019454483849107748,0.025875310594081772,0.0,0.0
N:AG,0.05376366389413204,0.064741449046898,0.05561490116363486,0.0288004812179793,0.04743212130011823,0.047006907137375285,0.09922528053763664,0.08076476322830889,0.036879550310095204,0.032295534214183484,0.03470162411068013,0.04561718280060567,0.08535915040136069,0.03893820912239945,0.07720229823069424,0.04072721992906183,0.0286708427537284,0.05840472091431416,0.019585779179025535,0.02426832050776794,0.0,0.0
N:CC,0.04768501284578347,0.0638078441663056,0.054989717270713445,0.029609378337310137,0.04980868631268041,0.04931438300573026,0.09078704070984396,0.07900919648251326,0.03982498001427987,0.03413133821940964,0.03663946981393447,0.05121836611398268,0.08166989082609677,0.034698871645907965,0.06867764711625891,0.047172402008946276,0.029420200528477363,0.06472932317062008,0.020010130166537497,0.02679612124466793,0.0,0.0
N:GA,0.05581198883392918,0.06598021450609726,0.05657108575346491,0.029512953621626915,0.04706400901121505,0.04647632107350996,0.09993755815661884,0.08391081835545325,0.0360693471766492,0.03368186492972232,0.034471570596013516,0.045858024389049415,0.08223345903325334,0.03918531759635634,0.07437313286644792,0.03827317694304325,0.027382584847446007,0.05912997698222244,0.019448797688427444,0.024627797639453452,0.0,0.0
Q:AC,0.03598958055446959,0.06275705181868464,0.08515460656415955,0.04555327054501584,0.06118300845825206,0.06333084663596175,0.05078976533842597,0.08087886682548871,0.04843895341496207,0.05831384449932605,0.04725699685058417,0.07644819109380065,0.03452699237528839,0.034917750063559835,0.036330401764599445,0.03988937266302504,0.030630997717542192,0.048289333853077765,0.027052090202368054,0.032268078761408255,0.0,0.0
Q:AT,0.04588065230767764,0.066487619572726,0.08724871405072136,0.049113748663800486,0.05789542468601546,0.06034914580553515,0.05306464881836465,0.07697383134431106,0.04363786301824779,0.059414451650730254,0.047075535443101835,0.06928534627578205,0.0351799335902385,0.0380666409523155,0.037655899874513434,0.036598857313554736,0.03164692474500487,0.04471238392294275,0.02819376015183914,0.03151861781257734,0.0,0.0
Q:CA,0.036228200055202844,0.062013580315901456,0.08562184802910354,0.04458990658110878,0.061472493471202365,0.06279342791802313,0.050983693018012824,0.08318226798231268,0.0482515561457058,0.05827924744380753,0.046564469768107686,0.07757653532740899,0.033899859335656334,0.034264057414081624,0.03624695703778268,0.04008302048900756,0.030397513866164502,0.04870810631197212,0.026439399771347172,0.032403859718090365,0.0,0.0
Q:CG,0.025680703229153667,0.05712998049504495,0.08070749791487433,0.04280746573498217,0.0646758368413794,0.06877056393619187,0.04636203035417583,0.07970762269404803,0.056101373227643185,0.05620891317339708,0.050906619206798495,0.08297486684748702,0.035178696911387086,0.0326822925217871,0.03390053129658696,0.04412339346813862,0.028557191549166278,0.050839304126250255,0.02807859774478062,0.03460651872672704,0.0,0.0
Q:GC,0.03094771573688565,0.05862423151772025,0.08427643221124793,0.04207379094618418,0.0639407221943842,0.0647627672520422,0.04853595073722692,0.08469927434297159,0.051741560220876746,0.057251825795700664,0.04722913548760856,0.08288837800088897,0.033669886814816787,0.032027461432302805,0.035185792504374085,0.042685413777661614,0.029435139512932477,0.05031188769046624,0.02595817858254661,0.03375445524116152,0.0,0.0
Q:TA,0.046738697075692864,0.06774636989535822,0.08739565895007335,0.05040937988678034,0.05782270938204044,0.060334616251333566,0.052307230057996576,0.0731636211590596,0.043180950269811995,0.05957505595585095,0.047406857999519894,0.0685658125377876,0.036133743544919376,0.03857631295985309,0.03816449050365781,0.03647412741177466,0.03231177901522955,0.04342993476501169,0.02864897546031928,0.03161367691792914,0.0,0.0
T:AA,0.0440815404538553,0.06798460367555802,0.08696946789245162,0.050431754213261425,0.058445967192326996,0.06149673938294058,0.051878207834978506,0.07237786964462418,0.04286129575035263,0.06038237970498507,0.04811961029176779,0.06901329274193445,0.03556710094500781,0.03890440443202631,0.037353028375903395,0.03703344811697921,0.03227760615134243,0.04344013389001049,0.029002871088510896,0.032378678221182906,0.0,0.0
T:AG,0.03455830806385148,0.06171335569415691,0.08597725719270422,0.04405427014567371,0.06272468222292636,0.06257719710414748,0.049832184372268856,0.08513886312231743,0.04683897525478807,0.05898146065540307,0.04669641542754541,0.08060622677246193,0.03209456778651379,0.033050074344539465,0.03536797126694369,0.04081725909715028,0.0301088544154965,0.0489850342280399,0.02611936827116247,0.033757674561909,0.0,0.0
T:CC,0.031542590041735444,0.059140485622692404,0.08356067602310446,0.04261311377070014,0.06444674194801558,0.06438906185986794,0.04813075982447793,0.08611107127201119,0.04964478419228858,0.057877447584389084,0.0468237602054783,0.08482090800306546,0.03134897201611551,0.03137952687362074,0.03457282126717853,0.04324728295606398,0.028560061808111752,0.05201683884432799,0.02553357199379175,0.03423952389296322,0.0,0.0
T:GA,0.0354824298985539,0.06284857072646947,0.08555608382792092,0.04538030268225842,0.061910701789062626,0.0629290358079629,0.050623554299573166,0.08363159947220249,0.04618528737719893,0.05920627373886844,0.04704669779318671,0.07841806317543926,0.03232960100003739,0.03438797123824074,0.035617317421057414,0.03997311598190103,0.030493928725967318,0.04815718269379731,0.02670772945569546,0.0331145528946061,0.0,0.0
U:AA,0.045527169412753095,0.06799935849345275,0.08705029116076449,0.05132991822804618,0.05875455127422258,0.06279080847271785,0.05032806752191926,0.07011478672591431,0.04328223201332401,0.05817310208677517,0.048507222316912284,0.0702845578100738,0.03604716549392649,0.039386220493047436,0.03753987607381888,0.03741607067845357,0.03226590043764704,0.04259811493703707,0.029606265291140632,0.030998321078053094,0.0,0.0
U:AG,0.036307528182138206,0.0632212396590262,0.08492307556806719,0.04557143332908552,0.06265700513673604,0.06416364892942693,0.04898188697088908,0.07887007770747935,0.04708082948529976,0.05821166281014664,0.046933302800447316,0.0800040514791064,0.033783335594858695,0.03463188926911262,0.035821736020264,0.04097223388153993,0.03065527445055255,0.04736982765525326,0.027351062040750943,0.032488899029819385,0.0,0.0
U:CC,0.030620997306034164,0.057997810967773636,0.08404747204662674,0.04126781548435446,0.0656200590648014,0.06433197520201785,0.04794087126797531,0.09017682147548349,0.04975283115031927,0.05778826055994947,0.0466557471567147,0.08635134263208336,0.030452883419531163,0.030338045060441087,0.034497679850781164,0.04258904856419494,0.028485536582232848,0.051775525341096564,0.025008420493082766,0.034300856374505646,0.0,0.0
U:GA,0.03733129684279043,0.06351299644954503,0.08477551587149501,0.046065755355997356,0.061970549632545814,0.06391164512790999,0.04943212197330153,0.0781521047330813,0.04701949640210929,0.05817411994141843,0.047444847316613754,0.07851242784898724,0.034040324774586,0.03507448667307102,0.03587461132539219,0.040442578568973764,0.030489241511987418,0.047351232418148224,0.02782215933758349,0.03260248789446271,0.0,0.0
