 ,X,Y,1,2,3,4,5,6,7,8,9,10,11,12,13,14,15,16,17,18,19,20,21,22,MT,M
B:ACA,0.04133552468649391,0.0,0.06774433212508724,0.06294887092779791,0.08161289596325731,0.029110475718756332,0.031001643514870433,0.06369182970484275,0.04331674809194678,0.02721930792264223,0.025733390368552583,0.03543688227480469,0.07553414233289056,0.044487471013350745,0.01668280163000653,0.05392079609158656,0.02924555913276448,0.07010829187022986,0.06709142895738118,0.01695296845802283,0.06529031677060584,0.012427674088749802,0.0243375284238017,0.014769119931557736,0.0,0.0
B:ACC,0.03746578021118498,0.0,0.0695606830921653,0.05725459522878373,0.07188111067657411,0.02495111458740712,0.0320166862208317,0.06708382218745926,0.03973406335549472,0.028601225394342327,0.02792334767305436,0.0350932081866771,0.07451440490157737,0.045313518446095685,0.011680354582192673,0.05446486768348325,0.02588971450919046,0.07464476600182506,0.07712162690653108,0.013322904445313519,0.07527049928301395,0.015721548689870943,0.0205970538391344,0.019893103897796898,0.0,0.0
B:ACG,0.03324566727358554,0.0,0.06642389911659585,0.05300424843212624,0.06945849349248095,0.027176478521815362,0.03311079641243509,0.05698293883606447,0.0436981590127453,0.031155168925753592,0.024816238451682515,0.0345269404545148,0.06325443387956033,0.04154022523433812,0.013284779823319172,0.055971407377436104,0.024007013284779822,0.0807202103985434,0.08092251669026906,0.01982601658911592,0.07950637264818936,0.01787038910243442,0.027109043091240136,0.022388562950974442,0.0,0.0
B:ACT,0.04226869630079841,0.0,0.07193966350802553,0.0667458629168163,0.08182998591043457,0.029532834212780065,0.031328563140591764,0.06392794983009642,0.04033483437853966,0.027212199906069563,0.026355775340497833,0.033787330441749315,0.07086222615133851,0.04525236898085477,0.01641019974030997,0.05699367350885433,0.030637898168356492,0.06978478879465148,0.06804431306461861,0.014752603806945328,0.06285051247340939,0.012873995082465398,0.02141061413929331,0.01486311020250297,0.0,0.0
B:ATA,0.04996197718631179,0.0,0.06927756653992395,0.07638783269961977,0.09783269961977187,0.03790874524714829,0.03,0.058783269961977185,0.036692015209125475,0.028098859315589354,0.02806083650190114,0.03296577946768061,0.07984790874524715,0.044334600760456276,0.021102661596958176,0.05288973384030418,0.03760456273764259,0.05376425855513308,0.055285171102661596,0.018479087452471482,0.049011406844106466,0.010380228136882129,0.021749049429657795,0.009581749049429657,0.0,0.0
B:ATC,0.0451409120181545,0.0,0.06924468704958754,0.06446073169983747,0.08522187126253489,0.028213070011346562,0.031433039958293725,0.06446073169983747,0.04158361188628906,0.025974424238707106,0.027967738967769634,0.03689165567788034,0.07792327271612132,0.0445582507896593,0.01784783342022141,0.053083504553957495,0.031126376153822563,0.0639394032322365,0.06706737403784231,0.017602502376644485,0.05835812199086142,0.01294121254868288,0.018859823974976233,0.01609984973473581,0.0,0.0
B:ATG,0.044564047362755654,0.0,0.0687716780289439,0.06413108479846909,0.08527688075589045,0.02975720607582825,0.03042698241837101,0.06353307020691305,0.040473627556512376,0.026025595024518598,0.027221624207630666,0.03681377825618945,0.08154526970458079,0.043774668101901684,0.017366343738787225,0.05257744288960651,0.029518000239205838,0.06676234900131563,0.06446597296974046,0.015428776462145676,0.06288721444803254,0.012223418251405334,0.02042817844755412,0.016026791053701712,0.0,0.0
B:ATT,0.048615555864755806,0.0,0.06809517183804091,0.07577570613607904,0.09798246834562405,0.03492416863781828,0.029915124530402116,0.061444274384305,0.039571448448587725,0.02615834144983999,0.02652010574648671,0.03328231529149854,0.07179629887296507,0.04625017392514262,0.02095450118269097,0.05615695004869904,0.0354250730485599,0.056463058299707804,0.06021984138026993,0.01945178795046612,0.04878252400166968,0.010936412967858633,0.023598163350493948,0.007680534298038125,0.0,0.0
B:CCA,0.03790545118062096,0.0,0.07040764057568698,0.056362464680513556,0.07105206629323023,0.025000413093408683,0.03215519093177349,0.06787950891455576,0.0397561096515144,0.0288173961896264,0.02790859069052694,0.03712883557229961,0.07774417951387168,0.04482889671012409,0.01161618665212578,0.055073613245427054,0.025909218592508138,0.07362976916340323,0.07250615509178936,0.01371470116822816,0.07384457773591764,0.014920933921578347,0.022340091541499362,0.019498008889770154,0.0,0.0
B:CCC,0.03380196897797295,0.0,0.06921524187265388,0.05200439124583894,0.06087541610595651,0.0206105248247043,0.03089808060060911,0.06273461293292726,0.04042425100927828,0.030880373964161767,0.02632976839719527,0.035997591897443164,0.07603229690487995,0.04552376230611233,0.007560733763014377,0.05133153906084,0.02177916283022877,0.08003399674197889,0.08334513775763155,0.013244564062610667,0.09373893335222042,0.016290105531553228,0.0236737729300942,0.0236737729300942,0.0,0.0
B:CCG,0.03569901667379222,0.0,0.06470001425110446,0.05041328202935728,0.06331053156619638,0.02390622773264928,0.03309819010973351,0.0486675217329343,0.0390836539831837,0.03594841100185264,0.02718398175858629,0.02953541399458458,0.07007980618497933,0.04528288442354282,0.008550662676357419,0.054118569189112155,0.020450334900954825,0.07588713125267209,0.09163460168163033,0.020236568334045888,0.09484110018526436,0.021198517885136096,0.01977340743907653,0.026400171013253527,0.0,0.0
B:CCT,0.03895972475207448,0.0,0.07027929568913176,0.05542063010186872,0.0707852661404574,0.023746879848883493,0.03101598866626189,0.0669061593469608,0.03960062065708696,0.028587330499898807,0.026479120286041963,0.03702017135532618,0.07439452202658031,0.04840450651015314,0.009967617891115159,0.05231734466707144,0.02580449301760777,0.07439452202658031,0.07528840315725562,0.013863590366322606,0.07594616474397896,0.015027322404371584,0.02523105983943871,0.020559266005531943,0.0,0.0
B:CTA,0.04438053097345133,0.0,0.07238938053097345,0.06893805309734513,0.08831858407079646,0.030752212389380532,0.031061946902654868,0.06526548672566372,0.036371681415929204,0.026283185840707966,0.027212389380530975,0.035973451327433625,0.07517699115044248,0.04367256637168142,0.016283185840707964,0.05685840707964602,0.032079646017699116,0.0625221238938053,0.0670353982300885,0.015309734513274336,0.05592920353982301,0.012743362831858408,0.02261061946902655,0.012831858407079646,0.0,0.0
B:CTC,0.04010817329654467,0.0,0.07124454108575291,0.05481754892466242,0.07115317850421181,0.02474098708133097,0.030990187658742487,0.06450198256801944,0.039834085551921354,0.028194492663584703,0.025508432766276245,0.035448681637948364,0.07126281360206115,0.05006669468452501,0.010780784621850274,0.05202185392950463,0.02565461289674201,0.07449704898861623,0.0771100188206918,0.015769181573994553,0.07798709960348639,0.01476419317704241,0.022548285124344473,0.020995121238145707,0.0,0.0
B:CTG,0.03672556659166987,0.0,0.06951380124019096,0.055259836470394556,0.07073478571036602,0.02624430664544806,0.03175931515118257,0.06500027437853262,0.040745212094605715,0.030991055259836472,0.027506447895516654,0.03608077704000439,0.07308072216429787,0.046822696592218625,0.01129067661746145,0.054422981945892554,0.024995884322010647,0.07592053997695221,0.07331394391702793,0.015214289633979038,0.07036437469132414,0.014802721835043626,0.029344784064094825,0.019865005761949186,0.0,0.0
B:CTT,0.04302101388591349,0.0,0.0698190741425984,0.06586558124135782,0.08388026564356243,0.02773287631215066,0.030965781837303055,0.06325588641984926,0.039885485033205444,0.026447504235885252,0.025882719535708025,0.03474399672814381,0.07032543283930902,0.04705240812510955,0.015619218260073616,0.05700430404892204,0.03312754396556761,0.06931271544588778,0.06695619997273453,0.0165345589810505,0.06181471166767289,0.013671684811186632,0.02190975129997858,0.01517128556682961,0.0,0.0
B:GCA,0.036510116643775244,0.0,0.06875627805908038,0.05647690699247658,0.07478321477624485,0.028761198007420923,0.031877165289764454,0.059838871691847234,0.04204505852688547,0.03027818207908817,0.027244213935753676,0.034993132572107996,0.07351222812160473,0.04676000901990529,0.013017363317685163,0.05379143518993051,0.025173735675775404,0.07615670035464628,0.06988376622045468,0.015456837703204116,0.0656608105614891,0.015579836411717677,0.033332650007174926,0.02011028884196716,0.0,0.0
B:GCC,0.036441662941439426,0.0,0.06694680375502905,0.052445239159588736,0.06519445686186857,0.023692445239159587,0.031524362986142154,0.05818506928922664,0.0397496647295485,0.0327045149754135,0.02728654447921323,0.034903889137237375,0.07781850692892267,0.044935181046043805,0.008332588287885561,0.05443004023245418,0.022548055431381313,0.0778900312919088,0.07819400983459991,0.015771122038444343,0.08461332141260616,0.01727313366115333,0.025122932498882432,0.02399642378185069,0.0,0.0
B:GCG,0.034561019311168624,0.0,0.06295042803105713,0.058212223770654985,0.0663348596456301,0.023770654987059527,0.03364523193310771,0.042882739398765676,0.04113079832769261,0.03997610989448537,0.029782998208242085,0.026995819231534938,0.06414493330678878,0.042046585705753536,0.008600437985267769,0.057853872187935494,0.021461278120645032,0.07744375870993431,0.08624328090782402,0.018753732828986663,0.09205653991638463,0.02460680868007167,0.01716105912801115,0.02938482978299821,0.0,0.0
B:GCT,0.03773694615652983,0.0,0.06944605961933559,0.0555878590533783,0.07206264294297787,0.028084661007093847,0.03221304802884056,0.05938675039733302,0.04002403380238012,0.03265883629879443,0.027076791875024226,0.03484901345117649,0.06969802690235298,0.04793193006938792,0.011009032057991239,0.055045160289956194,0.025642516571694383,0.07390394231887429,0.07493119354963755,0.016532930185680507,0.07080280652789084,0.01583517463270923,0.028433538783579487,0.02110710547738109,0.0,0.0
B:GTA,0.04511806790455316,0.0,0.07046854968777139,0.07071667838385509,0.08692775319465697,0.03155369918531078,0.032298085273561886,0.0648856540258881,0.03945246267730863,0.025929448740746867,0.02696331830776229,0.03217402092552003,0.07385964186758198,0.04309168355320293,0.017079525247094825,0.05702824531657086,0.032008601794797566,0.0646375253298044,0.066622554898474,0.01397791654604855,0.0590546296679211,0.013068111327074977,0.020015714817418633,0.013068111327074977,0.0,0.0
B:GTC,0.03723795513056271,0.0,0.071257815373299,0.05608679661640309,0.0736177516243717,0.025806056148093663,0.031935760696334435,0.06316660536962118,0.03941400024518818,0.029085448081402475,0.02721588819418904,0.035828123084467325,0.07236116219198235,0.04447100649748682,0.012688488414858404,0.0521944342282702,0.024733357852151527,0.07698908912590413,0.07818438151281108,0.015692043643496384,0.07331126639695967,0.014527399779330636,0.02310898614686772,0.021086183645948265,0.0,0.0
B:GTG,0.03577690480946357,0.0,0.06704840535321925,0.05737177353130479,0.07133186852209424,0.025145926271167632,0.030650065472623566,0.06431852986217458,0.043522649088931796,0.02871917793017733,0.026122467097232396,0.03626517522249595,0.0754377788135029,0.04447699580531327,0.013161107042191002,0.0526666222784473,0.02487959695496815,0.07685820183323346,0.07217524469005926,0.014315200745722085,0.08129702376989147,0.014936635816854208,0.0243247442128859,0.019197904876045897,0.0,0.0
B:GTT,0.043187482254960725,0.0,0.06949746048771255,0.0649547304331367,0.08337802454336099,0.031010441969778226,0.03214612448342219,0.06359822076406196,0.04233572036972775,0.027414114009905677,0.02542666961102874,0.03369191457143759,0.06801476387267737,0.0459320483296003,0.017666172434461655,0.06019117322313007,0.032966339632165054,0.06751001608883561,0.06883497902142023,0.018833401684595727,0.05514369538471245,0.013186535852866022,0.021924981860626518,0.013154989116375911,0.0,0.0
B:TCA,0.04358281373028878,0.0,0.06871528590581175,0.06377817028792747,0.08278180928262859,0.028388414802834584,0.029878061756506567,0.06218211998042178,0.04158243067821498,0.027239258581430486,0.02651571577536124,0.036155859632695624,0.07388648890213019,0.046966440382200846,0.016449958502692003,0.053457044966057334,0.028984273584303378,0.06963035474878168,0.06916217999191335,0.01623715179502458,0.06554446596156711,0.01217254367857675,0.020280479240705668,0.016428677831925264,0.0,0.0
B:TCC,0.03981058620947817,0.0,0.07159167477727034,0.055738564048813354,0.07241521299693045,0.02463127947892491,0.03204312345586584,0.06732424945721345,0.03943625065508722,0.028337201467395372,0.0263906565845624,0.036666167552594144,0.07249008010780864,0.04842030396047017,0.011604402186119637,0.05253799505877068,0.026465523695440592,0.07043123455865838,0.07649547053979187,0.015460058396346486,0.07475481021187393,0.015235457063711912,0.022347832597140075,0.019371864939731975,0.0,0.0
B:TCG,0.04146825396825397,0.0,0.06547619047619048,0.05641534391534392,0.07083333333333333,0.026455026455026454,0.03511904761904762,0.05502645502645503,0.03981481481481482,0.031018518518518518,0.02705026455026455,0.030357142857142857,0.06104497354497355,0.04345238095238095,0.01369047619047619,0.05350529100529101,0.026455026455026454,0.07354497354497354,0.0824074074074074,0.021626984126984126,0.08287037037037037,0.02003968253968254,0.017394179894179893,0.024933862433862433,0.0,0.0
B:TCT,0.042195402508718435,0.0,0.07040479103142289,0.06227975679672808,0.08249192061202505,0.026748708210849202,0.030546477021672843,0.06693567529076667,0.03947488542788804,0.025507129945772245,0.02596359254322701,0.035677116617064394,0.072906206065475,0.04716171556902628,0.015026748708210849,0.055597144369990324,0.031021198123025798,0.07038653252752469,0.06817725355584363,0.01754642224616115,0.06253537585130274,0.012981796271613505,0.023370884989683944,0.01506326571600723,0.0,0.0
B:TTA,0.04635261093317019,0.0,0.06898909562025407,0.07834598913160831,0.09659193147874906,0.03645589664231475,0.029654154820599563,0.05988411847266707,0.03940691690358801,0.02785475222226221,0.026163313779825097,0.031201641055169684,0.06859322704861986,0.04458919638679958,0.02033324936121208,0.059272321589232374,0.039083024435887286,0.05995609457660057,0.06128765249937021,0.018066002087307013,0.045668837945801996,0.010436535070356641,0.023896066505920036,0.00791737143268435,0.0,0.0
B:TTC,0.044340979937654866,0.0,0.06816001918311886,0.06602190072735992,0.08484533610422827,0.02789545200223803,0.030812884661497883,0.06608184797378307,0.04002477819518824,0.026256893933338663,0.025557509391735272,0.035029174326592596,0.06881943889377348,0.04711853568859404,0.016605387259211894,0.05718967308768284,0.03293102070178243,0.06588202381903925,0.06666133802254016,0.018583646391175764,0.06324434497642074,0.013727919430900808,0.021481096634961235,0.01272879865718168,0.0,0.0
B:TTG,0.044084207437834665,0.0,0.07049072104452432,0.06503826499425414,0.08606567397735886,0.030367490647693098,0.032079023937015574,0.06075943177094795,0.04190811511283894,0.026064206948825153,0.0264798650333749,0.03459742291987579,0.07300912002738454,0.047164967358615126,0.01718868431991002,0.056920707107753245,0.03112545539010734,0.0674344115993056,0.06674979828357662,0.01735983764884227,0.05440230812489303,0.012909851096603829,0.022885645125797698,0.014914790092667302,0.0,0.0
B:TTT,0.04568457538994801,0.0,0.06573656845753899,0.07642980935875217,0.09724436741767764,0.03433275563258232,0.02902946273830156,0.06145580589254766,0.03911611785095321,0.026689774696707105,0.024246100519930674,0.03325823223570191,0.06622183708838822,0.047157712305025995,0.021126516464471404,0.05883882149046794,0.03682842287694974,0.06428076256499134,0.05949740034662045,0.01977469670710572,0.04779896013864818,0.011403812824956672,0.0251473136915078,0.008700173310225304,0.0,0.0
N:ACA,0.02551498127340824,0.022087346174424826,0.08816546281433922,0.06880350454788657,0.023207597645799893,0.029360620652755486,0.02417736757624398,0.02330791867308721,0.0929307116104869,0.02071629213483146,0.049775949705724985,0.04307116104868914,0.047970171214553235,0.05691546281433922,0.015298956661316213,0.06651284109149277,0.06019261637239166,0.08711209202782237,0.05761771000535045,0.008192883895131085,0.028390850722311397,0.01125267522739433,0.012489967897271269,0.0369348582129481,0.0,0.0
N:ACC,0.02849573398418758,0.018712059578196383,0.09341427289984772,0.06166426768466946,0.021277927279554416,0.03283476229217515,0.020255752341615037,0.023343137868452345,0.0957298120449757,0.01952562738594405,0.0446627865740451,0.04676971858898137,0.04649852931973215,0.04543463295575443,0.015374345495129024,0.06441788180320003,0.06427185681206583,0.09610530487932077,0.05951561424369485,0.007259528130671506,0.029830819617414524,0.010159167240336275,0.00859461376389845,0.045851847216137845,0.0,0.0
N:ACG,0.03355106888361045,0.01330166270783848,0.09263657957244656,0.050712589073634205,0.019418052256532068,0.04008313539192399,0.022268408551068885,0.02517814726840855,0.10385985748218528,0.020902612826603325,0.03978622327790974,0.05397862232779097,0.037232779097387175,0.03194774346793349,0.016033254156769598,0.06300475059382422,0.061045130641330166,0.12351543942992874,0.05005938242280285,0.007957244655581949,0.0332541567695962,0.010035629453681711,0.0081353919239905,0.0421021377672209,0.0,0.0
N:ACT,0.026731417071356695,0.023559522247014044,0.09334120838255239,0.07299733123332021,0.021918886993043705,0.028197051231570198,0.024018900118125738,0.02631578947368421,0.09299120619503871,0.018309489434308965,0.04760029750185939,0.041847136544603404,0.04256901605635035,0.05956599728748305,0.0170188563678523,0.06800980006125039,0.059937874611716326,0.08063175394846218,0.06039725248282802,0.007109419433871462,0.025943912149450934,0.01065319158244739,0.01152819705123157,0.03880649254057838,0.0,0.0
N:ATA,0.02169555476948473,0.03322131824077349,0.07555123216601815,0.07947176040561255,0.023876901308807923,0.029595566560547105,0.0304798962386511,0.023110482254451125,0.09650984553708289,0.01574106827025115,0.05721613017332862,0.05503478363400542,0.05541799316118382,0.061313524348543806,0.017716071218016743,0.053000825374366234,0.048343355736351845,0.07275085485202216,0.06659002476123099,0.008489564909798374,0.021990331328852728,0.010847777384742366,0.014915693904020753,0.027119443461855915,0.0,0.0
N:ATC,0.027357998957790515,0.026457908948789615,0.09278033066464542,0.0699227817518594,0.025320953147946374,0.03214268795300583,0.026979013690842768,0.023757638921786915,0.09424889857406793,0.018001800180018002,0.049718129707707615,0.04884172627789095,0.04649675493865176,0.05338954948126392,0.016864844379174758,0.05182623525510446,0.05921644796058553,0.07757354682836705,0.06085082192429769,0.008337675872850442,0.02742905869534322,0.010990572741484675,0.011701170117011701,0.039793453029513474,0.0,0.0
N:ATG,0.026147511432420636,0.02597673668431339,0.09358456196277111,0.07022637141610216,0.024838238363598414,0.028822982486100834,0.02489516327963416,0.023756664958919184,0.09030189180470959,0.02011347033263126,0.05146012409631696,0.046773306009373634,0.0517447486764957,0.04834822868636269,0.016318475930248003,0.05318684654940134,0.05747519022409442,0.08314832735621715,0.06297793210755014,0.009107986565719815,0.029316331758410655,0.01087265896282803,0.012162957059638336,0.038443293296142385,0.0,0.0
N:ATT,0.021465968586387434,0.030848167539267016,0.08640837696335078,0.07845026178010471,0.026408376963350785,0.03151832460732984,0.031162303664921467,0.026094240837696334,0.09568586387434555,0.017277486910994764,0.05543455497382199,0.051643979057591625,0.051539267015706804,0.059518324607329844,0.018261780104712043,0.046324607329842934,0.049005235602094244,0.07145549738219896,0.06573821989528796,0.009235602094240838,0.023225130890052355,0.012418848167539267,0.015141361256544503,0.025738219895287958,0.0,0.0
N:CCA,0.028911519640259224,0.01806639333421505,0.09457743684697792,0.06325882819732839,0.021015738658907553,0.028356037561169157,0.02092315831239254,0.02333024732178283,0.09650839836000528,0.020023806374818147,0.0461050125644756,0.046766300753868534,0.04416082528766036,0.046686946171141386,0.015077370718158973,0.061076577172331704,0.06701494511308027,0.09588678746197593,0.059476259754000796,0.00707578362650443,0.03012828990874223,0.011109641581801348,0.00876868139135035,0.04569501388705198,0.0,0.0
N:CCC,0.029600878798974734,0.01271329183449286,0.09694617356279751,0.05533504210911754,0.01885023800805566,0.03749542292200659,0.01781032588795313,0.025353350421091176,0.1022482607103625,0.018381545221530574,0.043295496155254486,0.05704870010984987,0.04155254485536434,0.03610399121201025,0.013181984621017943,0.05536433540827536,0.06752105455876968,0.10131087513731234,0.05608202123764189,0.006796045404613695,0.035547418528011715,0.010750640790919077,0.006371292566825339,0.05433906993775174,0.0,0.0
N:CCG,0.03670264286702643,0.011450117614501177,0.09537152345371523,0.04507402795074028,0.020928462709284626,0.0589456205894562,0.018956690189566902,0.022450532724505326,0.10104469351044694,0.019925280199252802,0.03448872284488723,0.07638024076380241,0.03614916286149163,0.024768230247682304,0.014667220146672202,0.04753009547530095,0.050435865504358655,0.11616161616161616,0.056178220561782205,0.007852497578524976,0.038501452885014525,0.010239380102393801,0.006607167566071675,0.04919053549190536,0.0,0.0
N:CCT,0.030494314845459884,0.018349970640046977,0.09668766348155661,0.061602519617786795,0.02063203971600918,0.030147333582448085,0.020725457748358513,0.024955960070463887,0.10380077937329846,0.021966583035285325,0.04493407356002776,0.047763305396893184,0.04011637217744088,0.04269204078364384,0.01329205145999039,0.054489403726044945,0.07155821277958682,0.09208348903005392,0.05853306998345166,0.0068462072278866175,0.028919553728714034,0.010462819623124966,0.009395184967704051,0.049551593444723215,0.0,0.0
N:CTA,0.02795291373592332,0.027661357921207042,0.09154852582091184,0.0719049528044025,0.024600021866686105,0.02831735850431867,0.027697802398046575,0.027260468675972156,0.0919129705893072,0.016035569809395387,0.051678268158460584,0.04734137541455592,0.047159153030358246,0.05951383067896061,0.01789423812821167,0.05590582747184664,0.05991471992419549,0.07456539961368855,0.06374138999234666,0.007872006997339554,0.02405335471409308,0.009840008746674442,0.013229345092751194,0.03239913991034659,0.0,0.0
N:CTC,0.030433180246073596,0.019192606452344503,0.09592050802290639,0.061872767477462155,0.021035323467709928,0.03148211147020468,0.020170663945115384,0.024777456483528946,0.10727447978681182,0.022254351647105517,0.04445200430912287,0.046195498100584,0.04092249248738448,0.03820094120315246,0.013466008958439643,0.057025004252423885,0.07600498951068776,0.08904575608096615,0.05658558711799059,0.006406985314962862,0.029922889380280093,0.010191642569598005,0.009086012360378749,0.04808073935476555,0.0,0.0
N:CTG,0.030292554340780434,0.017058467654811806,0.09415107385160537,0.06635409014303617,0.020612765221900524,0.028736873946674735,0.020191435115163563,0.023021909165550324,0.09849401495181712,0.020947668640076054,0.043245754288924416,0.04508232142085476,0.040404476902467484,0.050797286201979173,0.01433602696512683,0.06194632902640335,0.06796378721749276,0.09533944081932501,0.05754937124584072,0.0060606715353701225,0.02697593016723564,0.010889762758739898,0.00882632556933581,0.050721662849487925,0.0,0.0
N:CTT,0.027918659131526833,0.024022283404981564,0.10024312096475552,0.06525624305656186,0.023700268882126584,0.031251509443075885,0.026582298861678663,0.02777375259624209,0.09868135052890885,0.020786037450289008,0.051651129465938916,0.04760984720410891,0.043793975108277386,0.04875299876024409,0.01606852469046354,0.0535188136984978,0.06314704793186172,0.07578611795391972,0.06095734917644786,0.008050363071374519,0.026630601040106908,0.012317055499203014,0.011512019192065561,0.03398863288734322,0.0,0.0
N:GCA,0.03167600858072106,0.019012525084769222,0.09497612621963877,0.06615459137775932,0.021624801051830324,0.03046501972181856,0.02088090789564736,0.02319908656840357,0.09165455677807764,0.02096740709985468,0.04324960210366065,0.04866445228703896,0.045204484118746106,0.04098332295342883,0.015362258667220262,0.05548058957857588,0.06845547020967407,0.10182686319285862,0.058594560930039445,0.007750328696975988,0.026347657601550067,0.011210296865268839,0.009428413258598022,0.04683066915784375,0.0,0.0
N:GCC,0.033825065687422835,0.014356263256196777,0.09571369780619836,0.055636455728259836,0.019500459020545126,0.03784545253094432,0.01923137801133306,0.023188451676216405,0.10483079553008959,0.022032986166070467,0.04194498084776346,0.05924530691063345,0.03830447307607079,0.0323372059894267,0.013675646585836842,0.047817278166450344,0.06271170344107126,0.11187438665358194,0.05691854759568204,0.006853651587577955,0.03202064009623603,0.010209250055399032,0.0077716926778308906,0.05215423090316249,0.0,0.0
N:GCG,0.04268218252838019,0.011718273182243562,0.10200594051348823,0.04349595149936933,0.020384912723277863,0.05582455140985474,0.021239370142816454,0.024901330512267568,0.10314521707287301,0.02026284737762949,0.034666558164137204,0.07474467998535216,0.03303902022215893,0.020344224274728404,0.01326443422712292,0.0400374333726655,0.05037229930422753,0.1228384261708101,0.05297636001139277,0.008097001261341904,0.03999674492411604,0.011840338527891932,0.0067135940106603734,0.045408308581193796,0.0,0.0
N:GCT,0.032767862979669216,0.017568804340720404,0.09797672746290122,0.06197293586977839,0.020755703732758056,0.02943387592338367,0.021621886644440088,0.023746486239131857,0.0993332025887429,0.021344054389749623,0.0428025102961365,0.049307053670654376,0.04023664770870105,0.04448584689808459,0.014872197162842387,0.05644897692357979,0.07074916650323593,0.09732300451068837,0.05685755376871282,0.006161338824606132,0.026704582597895012,0.01077008563770674,0.008596456821599006,0.048163038504281885,0.0,0.0
N:GTA,0.02483343428225318,0.023958543643583012,0.09347869977791237,0.0738273100477825,0.022511609125782355,0.029948179554478767,0.02601117168046302,0.024227740763173834,0.10135271552594387,0.016454673934988895,0.04465307221212733,0.04384548085335487,0.04414832761289454,0.05619489871458375,0.016622922134733157,0.06528030150077394,0.05861767279090114,0.08328285887341005,0.0626219799448146,0.009051753146241336,0.024059492563429572,0.00898445386634363,0.014099199138569217,0.031933508311461065,0.0,0.0
N:GTC,0.03006378625586713,0.016969551089180406,0.09360933927067036,0.061571789625707064,0.02224094355518113,0.03391503189312793,0.02281863040077025,0.02484053436033217,0.09567938380069804,0.02238536526657841,0.04438560596943074,0.04325430256348538,0.04289324828499218,0.05283427608617162,0.014995787700084246,0.06667469009507762,0.05841858226019978,0.090071007341437,0.05738355999518594,0.006450836442411843,0.030400770249127452,0.010927909495727525,0.009074497532795763,0.04814057046576002,0.0,0.0
N:GTG,0.027419105921086477,0.018588061800161187,0.08908208584117838,0.06258895347840253,0.020971586329886653,0.028842361575526863,0.019874136186703705,0.023269372567175952,0.0922029596858549,0.020834405061988786,0.047121765522917844,0.04376082445942007,0.047499014009636985,0.04460105972529451,0.015347154346074044,0.07114563506353208,0.06378928957250887,0.10396625340809712,0.053895090625375106,0.006996244662791296,0.03194608776171614,0.011231716309137987,0.008899634754874222,0.0461272013306583,0.0,0.0
N:GTT,0.02681992337164751,0.025028611235507786,0.09175498830671244,0.07035876001393243,0.022640195053988156,0.03214410110961835,0.02487933522416281,0.02550131860476688,0.09352142110762801,0.01751505199781062,0.05100263720953376,0.048440065681444995,0.04435985470468229,0.05856595511767926,0.016694033935413247,0.05869035179380007,0.06272080410011445,0.08075832213763248,0.06177538936159626,0.008707767328456984,0.02477981788326616,0.010598596805493358,0.012514305617753893,0.030228392297357815,0.0,0.0
N:TCA,0.026156387665198236,0.023775589530966573,0.09419538740606374,0.06846009328841669,0.023273516455040166,0.029865250064783622,0.024633972531743976,0.02518463332469552,0.09662477325732055,0.020423037056232184,0.05104949468774294,0.04355079036019694,0.04659562062710547,0.05380279865250065,0.016179709769370304,0.05927701477066598,0.05649131899455818,0.08230759264058046,0.05966571650686706,0.007077610779994818,0.027257709251101322,0.01093223633065561,0.01089984451930552,0.0423199015288935,0.0,0.0
N:TCC,0.02979483126993883,0.01859981853835572,0.09718441771299792,0.06178476307548219,0.021775397313196946,0.031448473673427575,0.022009541370328095,0.024921708080896773,0.09892586413791085,0.020751017063248164,0.045028828987034274,0.04887757192612755,0.040111803787280124,0.04732636754763368,0.013887669388591331,0.05786285011853543,0.07056516521790031,0.08530160681359206,0.059296982468463724,0.007097491731787983,0.030658237480609946,0.011590130827991922,0.009643808353089239,0.04555565311557936,0.0,0.0
N:TCG,0.041442581461562794,0.018158810503005378,0.09857639987345777,0.04973109775387535,0.022524517557734894,0.049604555520404936,0.02353685542549826,0.024422651059791207,0.10072761784245492,0.022651059791205314,0.03726668775703891,0.05884213856374565,0.03517874090477697,0.028282189180639038,0.015311610249920912,0.04720025308446694,0.06390382790256248,0.10471369819677318,0.0542866181588105,0.0067700094906675105,0.03043340714963619,0.009174311926605505,0.008035431825371718,0.04922492881999367,0.0,0.0
N:TCT,0.027448455412006776,0.023319289503520288,0.09464888092605293,0.06769032655403609,0.02422910572064443,0.03171759304620467,0.024201111375502148,0.02561482580518735,0.10188541914533264,0.02064582954243243,0.05107568271209216,0.044888932435647996,0.04551880520134933,0.04830424254300631,0.01531290679282785,0.055722744005710846,0.06743837744775555,0.07557073471158826,0.05954397211763224,0.007264532564421986,0.0276304186554316,0.011617653234046723,0.011029771986058817,0.037680388561510576,0.0,0.0
N:TTA,0.021810280810803377,0.03393932726422619,0.08374817789268131,0.08231799554443192,0.024973184080970323,0.029153717098930113,0.030363871393602686,0.027971066310954647,0.09749993124123325,0.01608955141780577,0.052971753898622076,0.05236667675128579,0.04813113671993179,0.05852746225143706,0.01856486702054512,0.04796611567974917,0.05187161363073792,0.07354437690805578,0.06504579333865068,0.010093786957837124,0.0226903930251107,0.011441458785995215,0.014961907643224512,0.02395555433317748,0.0,0.0
N:TTC,0.026950127877237853,0.023929028132992327,0.09851342710997442,0.06675191815856778,0.02436061381074169,0.03262468030690537,0.02578324808184143,0.02675831202046036,0.09637148337595908,0.01998081841432225,0.053596547314578004,0.048673273657289004,0.04432544757033248,0.05286125319693095,0.016000639386189258,0.05364450127877238,0.060933503836317134,0.07368925831202046,0.06165281329923274,0.007624680306905371,0.026982097186700766,0.012659846547314578,0.011940537084398977,0.03339194373401534,0.0,0.0
N:TTG,0.026475617666135976,0.02419560901782731,0.09489553236236413,0.06788922302808735,0.023704227843622853,0.03207736305206675,0.027517345755449417,0.025276647601077108,0.09475794563358689,0.019242486781846414,0.0515557127975313,0.0475067319220866,0.04756569766299114,0.054484344595789845,0.016805236157792322,0.05446468934882167,0.060046779487784266,0.08031133911197594,0.06209092517247479,0.00894313737052106,0.024431471981445445,0.011517974723352399,0.012874186764156692,0.03136977416121234,0.0,0.0
N:TTT,0.023671765607249477,0.028889593405722436,0.08586298908879554,0.07341946051623471,0.02669678476130089,0.031848564106628625,0.03077857916567594,0.029312303505851893,0.09707801643285514,0.017700985442920928,0.057567831761380146,0.0540672637446831,0.04925893635571055,0.05503157116060342,0.019748487490422975,0.047145385855063275,0.053578505191408415,0.06985284404639243,0.06306306306306306,0.01002615518744551,0.023684975297878524,0.01285302898206124,0.014583498454466196,0.02427941137618557,0.0,0.0
T:ACA,0.03643354836777254,0.002570928292317043,0.10158162010915213,0.07883888890968928,0.05954070241255412,0.04273481873083504,0.04800147765975636,0.050327793357270424,0.048067622902228595,0.034652618914793695,0.04031989336887704,0.04030117301723395,0.05713825728502484,0.054713347735523866,0.0196576172486824,0.030223383716039724,0.03520923737031476,0.039234112973578095,0.05383848330207035,0.017055488370293546,0.05734667719998453,0.022670345839776253,0.01035235445862615,0.019189608457605267,0.0,0.0
T:ACC,0.03685848104982501,0.002385248398915825,0.10219471267307258,0.07152745877119454,0.056237243025397926,0.035090461058570395,0.04341278373169034,0.04792597047722332,0.04659048394811493,0.03251104617847215,0.04073549631636192,0.03724207824435615,0.05871247101315438,0.05261280204332596,0.0163557635083831,0.02946752605066956,0.03476053589948806,0.04740345742623647,0.06338193809720005,0.014459877785618105,0.07088813011364264,0.025252692678660787,0.010434475126958043,0.023558866383467752,0.0,0.0
T:ACG,0.035438965273160164,0.001986229381609146,0.09525750198408442,0.06600888011840157,0.049943158662405354,0.0335385341369769,0.0429849209583664,0.04338817271186804,0.04757512708865104,0.03407048325861736,0.04175371613650501,0.03742090474249802,0.057060123120482184,0.047622316123635273,0.017352695137384442,0.02879818107719697,0.03174106089530469,0.05527551961562386,0.06480770468243924,0.014285407863409193,0.08609424937260034,0.027635614851676284,0.012972694708393214,0.02698783809871088,0.0,0.0
T:ACT,0.03891585472774983,0.0025916069664127118,0.10297308037847358,0.08051145579964837,0.06000436057974062,0.0431666468224208,0.048589538010493226,0.051926463925480476,0.04719167840569782,0.033803770819062225,0.039234393531497457,0.0405147339659782,0.05454281176985417,0.05484588752487618,0.0200416574532668,0.031436378059170905,0.036631962430976814,0.03811177619401797,0.05343565748110029,0.017292327389852837,0.05408665183244859,0.022036390738870856,0.009925730976970882,0.018189184215938382,0.0,0.0
T:ATA,0.03999330904765445,0.004016430005204074,0.1002174559512304,0.09254330533045871,0.06448591182811687,0.05424875473942458,0.0560460188833544,0.05646234480707754,0.049128317597204665,0.03862352241469036,0.036461973087502784,0.04298936882016207,0.05100550144970634,0.05833767006170545,0.025340123410898818,0.03373726860456472,0.03570552375288083,0.025944167719872128,0.04263437662627314,0.02049290015612222,0.03412385696230764,0.017247788268530222,0.008819046911010334,0.011395063564047283,0.0,0.0
T:ATC,0.04075990475950091,0.0027444744524933325,0.10278233507492196,0.08166788662005603,0.05932170591551192,0.044409668761621106,0.05033443549811959,0.05218203387263687,0.04670318113363117,0.03448682029665901,0.038705334982373774,0.041353895858047905,0.05481040241634906,0.05514189319939086,0.020873823165652842,0.032233692588572824,0.036405091833043066,0.03712360231202201,0.05279789999747596,0.017407472845520248,0.048789722103031376,0.021763968466308254,0.009502174882421733,0.017698578964638178,0.0,0.0
T:ATG,0.037868454043751804,0.0024826295826596533,0.1013185973506028,0.07759779076473416,0.06018451937366263,0.04172677128865762,0.04720046834393063,0.050297581433591476,0.04694334403958261,0.033580143611913714,0.040015514619042014,0.039406841830783156,0.05812171422013617,0.054426097100015544,0.019686715099007383,0.03018377850702298,0.03516792250825485,0.03916569700297654,0.054858995646318985,0.016848178993380137,0.06135392652055614,0.02303223641490275,0.009262285675270888,0.019269796029245348,0.0,0.0
T:ATT,0.03949084968117143,0.0032660115339128736,0.09777764908131042,0.09286872553920433,0.06263182921030493,0.05375431302503079,0.05570203245589436,0.05621563296309392,0.04865793291798242,0.038183225837915606,0.037317572757531794,0.04361641814701472,0.04853448591180092,0.05800332849705556,0.02598026067130787,0.032594581743254615,0.03525250246894012,0.02756373523208037,0.04286811592435899,0.0205836452529292,0.04045251709969641,0.017822090003535768,0.009209756275984833,0.011652787768687743,0.0,0.0
T:CCA,0.03652832122497655,0.0019236585925022588,0.1037359626866103,0.06915827173194776,0.05584774873184951,0.0340806414635603,0.04273951331533937,0.04691916010195294,0.046301701334905396,0.03207221474079254,0.04097864806391517,0.03646667167569254,0.06128832145616235,0.05260922084602447,0.01533436211018701,0.029617792059923362,0.03547257269348807,0.04762716664451136,0.06375815652435253,0.013656338440613182,0.07442256527627668,0.025517133758329914,0.009779159755174228,0.0241646967709122,0.0,0.0
T:CCC,0.03485765750720212,0.0013181517246315438,0.10298164727214167,0.05957568636339236,0.04964362187535414,0.02590496185710281,0.03632014982792454,0.04488873248677375,0.0456712732391342,0.030810156329215847,0.041777655837145634,0.033790014255124984,0.06420532151569555,0.049166462880012404,0.012657835248927883,0.027899486457631264,0.033903339516518645,0.056342934169952105,0.07287768625603158,0.011421993450992788,0.0978474164822646,0.02807245659344264,0.009924907103108095,0.02814045175027884,0.0,0.0
T:CCG,0.03120413168681205,0.0011276022276091265,0.09640999046058031,0.058711440880576456,0.04485192489312757,0.02826380182747686,0.03937567947549844,0.042542005561886094,0.04813243854686805,0.03450129769412481,0.04320809970477756,0.03624741591156173,0.05996036739849796,0.04462354975842193,0.014720680557901423,0.02828996981166188,0.031349245053656265,0.059634457050011774,0.07040852981128126,0.013619246314477319,0.10089661029448498,0.03064270948066067,0.011468713795999154,0.029810091802046336,0.0,0.0
T:CCT,0.03801435119485549,0.0020727451457232186,0.10483062491213921,0.06850217484323583,0.054206390006495284,0.03325524625135832,0.04161497630195587,0.047923509547454064,0.0449323946465713,0.03239228651494583,0.041073189451984654,0.037382266536555735,0.05835598474377484,0.051482064084765015,0.01575491533041302,0.03001273404319724,0.03659318682513932,0.04813181017348466,0.06554184328610142,0.013658569621149388,0.0739539050210712,0.026299236675686188,0.009636212704696409,0.02437938213724651,0.0,0.0
T:CTA,0.0400540585201185,0.00304816873812306,0.1027790564545637,0.08634904335304462,0.061391239686979925,0.047079895659974266,0.0527159094932899,0.05360999964590489,0.047253992422364645,0.034975744484968666,0.0377170307944714,0.04180682931435384,0.0519929653104824,0.057354555433589464,0.022974871050364127,0.03399608134744993,0.03666359784238046,0.03273609291455685,0.050440848411883434,0.018572288516695585,0.0428514098886961,0.01930408507725175,0.009327455354508222,0.015004780283984278,0.0,0.0
T:CTC,0.0378456759225335,0.0018680303632338598,0.10333304091605731,0.0674317678688457,0.05346901494940321,0.03316424734373307,0.041814982429161915,0.047876276530417414,0.04547673476548995,0.03217037262561472,0.04061675963815942,0.037096399655291636,0.05828254733289643,0.05126350064761826,0.015136206247065076,0.030483984993833434,0.037270817959925075,0.04822408107871013,0.06525721539628561,0.013847162090336297,0.07800316842719068,0.025936724341674107,0.00974368765706678,0.024387600819456415,0.0,0.0
T:CTG,0.036443741044121736,0.0019898295771427067,0.104461528590536,0.06952640575413636,0.05586000286259071,0.034444040464529375,0.04293803807245645,0.047836523038097135,0.04638301792738562,0.032669727774204106,0.04167537234243824,0.037789487711424534,0.05929675688214517,0.05129466422962584,0.016283863707778845,0.029557894251950757,0.03640754736847301,0.04710113335559793,0.06380286950041211,0.014345034309959348,0.06999116545280756,0.025843929580268526,0.009950793052788476,0.02410663314912946,0.0,0.0
T:CTT,0.039903670316058196,0.0022950610077518566,0.10253682839336298,0.08156898335085196,0.05863618881540269,0.0436690375310593,0.048150170348021375,0.05281993831630552,0.04627953843074418,0.034494033365366376,0.03955888717836397,0.041746006960637086,0.052476203151674186,0.054240989789598446,0.02066183690814411,0.03192440341513462,0.0366979207166459,0.03721457143665579,0.053912974220910626,0.017195142016069618,0.05354618364889549,0.02263517018558555,0.009651831909312602,0.01818442858744759,0.0,0.0
T:GCA,0.035793937224243365,0.00191215457852775,0.10178443571483861,0.06993091570554996,0.05586369881569781,0.0347634782103878,0.04231775872745568,0.04618560840622339,0.04659682444461646,0.033602397631395615,0.04158482661196687,0.03774358502980107,0.062071851536496636,0.050735592925149,0.01607249980648657,0.029885730319684185,0.03461592422014088,0.04898671530304203,0.06389934398947288,0.014336926232680548,0.06958380099078876,0.026314198080346775,0.01052471166498955,0.024893083830017804,0.0,0.0
T:GCC,0.0349603033534779,0.0014752932811944544,0.10207726033890271,0.061320061618675197,0.0503424576371608,0.028023462495556345,0.03822372318995142,0.04320180116127503,0.045742386538689415,0.032294110676620455,0.042692262116364496,0.0350918355255362,0.06364972153098708,0.047654935418888496,0.013403246830193151,0.02895129754710274,0.03429553264604811,0.05582533475530276,0.07011494252873564,0.012129399217916816,0.09035667733143737,0.02943595212702927,0.010077023343998103,0.028660978788956036,0.0,0.0
T:GCG,0.03158775072132473,0.0009729172184045831,0.09186959006453592,0.05863429184728824,0.044099075868028935,0.02897564919225569,0.04097403230977238,0.04104930097709881,0.04867095047600463,0.03406604128625789,0.042786055782445674,0.03600072480938907,0.05959884588043433,0.042462679285783976,0.014855804747501498,0.02739500717840068,0.03175780215491407,0.0592057761732852,0.06882622694897063,0.014234141309953584,0.10694004990033872,0.03163792983287568,0.011337691482095815,0.032061664552639285,0.0,0.0
T:GCT,0.03627119440139026,0.001647409703630642,0.10286623455920342,0.06842445164623549,0.054542999389413364,0.03364214926494763,0.04234300878305387,0.047031609600300596,0.04662768305856935,0.032752101827063076,0.04152341364895965,0.03764501432530177,0.059650791414212576,0.051100230144192384,0.015838852097130242,0.030357897703254897,0.03620896153304213,0.04838311962801184,0.0656040110844958,0.01422784275045794,0.07150204311680992,0.026591047860598373,0.009970175191395425,0.02524775726832934,0.0,0.0
T:GTA,0.03838409320245849,0.002770388037794698,0.10211677827722228,0.0805040821942941,0.059450967801119164,0.04447986423263921,0.04949316576460875,0.05172690578845977,0.04881662232822677,0.03502660306393909,0.039163838179983486,0.03970965966425099,0.05654068434088616,0.054701403540959544,0.020931565911384276,0.0318296486560866,0.03500825612329144,0.0355196770938446,0.052142005320612785,0.016785157325016054,0.05660031189799101,0.02153013485001376,0.00916429685349968,0.017603889551417302,0.0,0.0
T:GTC,0.035614287755299776,0.0016619015635340698,0.1026322747195541,0.06936139954445504,0.05436158839690545,0.035325261396424286,0.044524839023813476,0.04775503702329126,0.04593876910899414,0.03223136560027983,0.04169041007256861,0.03803159912044024,0.05910589039003779,0.05078160281537949,0.016518841726866806,0.029326322254536973,0.034359650606544806,0.047569468963331425,0.06276305914694527,0.01466480332248937,0.07519119257859136,0.0261749496256616,0.01003381279959799,0.024381672444456853,0.0,0.0
T:GTG,0.03575992530474031,0.002025147977792216,0.09983463203835734,0.06739640837424506,0.0556399367212969,0.03424680128450604,0.04192572640709777,0.04643067668914122,0.04867669774666431,0.03211982221151322,0.0410451025697292,0.037709058521326444,0.06216860074035509,0.04979110283076102,0.015717844680329246,0.02864895953002798,0.033598524453088134,0.04924752557609866,0.06278245579311363,0.014213326104759815,0.08053261965512246,0.026126130002452553,0.00990916953156262,0.024453805255918754,0.0,0.0
T:GTT,0.038704406997662234,0.0025098420919985745,0.10004779823928668,0.08099455100072132,0.05944536661249533,0.044926868693891384,0.04990657616866695,0.05220784412559639,0.04880634760617727,0.03389329694873421,0.03920150868624367,0.04099177001225373,0.05336890681081457,0.055459862514882635,0.021295419190558544,0.031068855536339698,0.03581739334474698,0.036194564905663654,0.05281097099950464,0.01793737561594549,0.055611078762807756,0.02173690110978821,0.009455360789800724,0.017607133235419365,0.0,0.0
T:TCA,0.039418360196215835,0.002414019057326696,0.10340351659552781,0.07885947269268923,0.0590945494589503,0.04160030579091546,0.047964124172953884,0.051208602189681374,0.04617351814268422,0.033199018920812895,0.039884782351495736,0.03986999335632833,0.056174291720892985,0.054283575569490074,0.01916540012195233,0.03156995422237188,0.03580415730030306,0.03963905750871413,0.055498548403243565,0.016579601197681086,0.05633583305272163,0.022814869083264317,0.009753911120414275,0.019290537773368886,0.0,0.0
T:TCC,0.03686512625589512,0.0018249439084232863,0.10417606773385832,0.06918940588053805,0.05394865810478683,0.03539908448472357,0.04366013017023715,0.04866377166268236,0.04606750298560404,0.03297387150463949,0.0406892180340978,0.037983809525808425,0.057355080144316437,0.0523210054297066,0.01652523963538901,0.030157224322231155,0.03627640082022781,0.04634245140653957,0.06310066260470602,0.014464175899826426,0.07384883713608688,0.025266920346812802,0.009668319855263794,0.02323209214759903,0.0,0.0
T:TCG,0.037019247263869355,0.00154008607708817,0.09422353358264429,0.06675739450982186,0.04973258158834719,0.03472055443098775,0.04382383550050892,0.046057722731136806,0.04705649142469399,0.03423641846121003,0.041094376017352656,0.03809806993668111,0.056746835008748754,0.048104817343504004,0.01646443506669259,0.030092672011222805,0.03333676421815853,0.051852105991468535,0.0639860019899132,0.015103517419364677,0.08346961570277864,0.02872031808114424,0.010879716990122863,0.026882888652539044,0.0,0.0
T:TCT,0.03935788311373213,0.0023311893125764396,0.10292785097817853,0.07935055482107577,0.05805691310526498,0.04243279509994702,0.0482528459028407,0.05249632347479909,0.046374228177285266,0.03412409572334705,0.03952326485340939,0.04097902028649663,0.05309050936585511,0.05383621265913041,0.020048822274048438,0.031858266858786774,0.037469362289992425,0.037720900983872804,0.05486316394083889,0.016867947137261894,0.05818862431111573,0.022088860500007426,0.00952479983362795,0.01823556499650916,0.0,0.0
T:TTA,0.038679300122071734,0.003551706097773644,0.09744618186750373,0.09553178709139878,0.06325640876591292,0.0544517429130578,0.05620725067333217,0.05616268480303823,0.04875893739464047,0.038630858958708755,0.03671065124300025,0.04425390920188339,0.04730764014028561,0.057980197252417216,0.026751148055571702,0.033211261601658625,0.03578445619950009,0.0276909066248135,0.0426786025693193,0.020851014357960822,0.03553449979654712,0.017533763490863996,0.009614602104284137,0.011420488674456006,0.0,0.0
T:TTC,0.039378264016959964,0.002330055671417984,0.1021152553473862,0.08248806425481307,0.05890419517744187,0.045310587910856785,0.049910374187766074,0.053725934607628534,0.04703631568968786,0.035160895568693014,0.03946336544924938,0.04181712025370999,0.05089819714231545,0.05488396042675675,0.0215209672693428,0.03219850393836502,0.03651390061876282,0.035286931867146966,0.051629638566676433,0.017907926713662765,0.053710853341146864,0.021426170737172307,0.009719876247436185,0.016662644995604887,0.0,0.0
T:TTG,0.0402251370479047,0.0023617956158236237,0.10067408170103548,0.0802155867658051,0.05921310559166304,0.04384990320843355,0.0483279545167815,0.051825202706094135,0.04762117937844485,0.033606411712118686,0.03943832403401745,0.040944121353698223,0.055307528579626154,0.055140669957715584,0.02049240928927723,0.030658576058365247,0.03554088646695182,0.03686083312645577,0.0539930082167697,0.017254266764882637,0.05602108658877218,0.022779593326197754,0.00901850502814213,0.01862983296502345,0.0,0.0
T:TTT,0.03867848999239929,0.0029115784139853054,0.09652698251836839,0.09439473017481631,0.06205117810995693,0.05380592855333165,0.055638206232581706,0.05664251330124145,0.048169242462629845,0.037500886749429946,0.03828527995946288,0.045186724094248794,0.04631264251330124,0.05641145173549531,0.026871041297187738,0.03271041297187738,0.035958449455282496,0.02841550544717507,0.04307980744869521,0.020614137319483153,0.03989054978464657,0.018373448188497593,0.009769445148213833,0.011801368127691917,0.0,0.0
U:ACA,0.036887381486655664,0.0023547663240712524,0.10047926420478157,0.07883388277880896,0.05954062928326718,0.043249867750518776,0.0486730858783938,0.05102521380882463,0.048415842498453245,0.03381629128921148,0.039995409195065675,0.040635219652866546,0.055629210711350505,0.05350398463399544,0.020096644359048437,0.0301357321608312,0.035942836563386746,0.038719745869924556,0.05400527942567447,0.01736590694121791,0.06010524552231619,0.022518689720950297,0.009330679109331075,0.018739190831054423,0.0,0.0
U:ACC,0.037016292464207935,0.001985821380822348,0.10179916871916703,0.06698546495134373,0.05454243911238876,0.03325996220392712,0.04165133050032515,0.04666898467062279,0.047275642191357534,0.03154910070660326,0.04114069071668512,0.03699737987962867,0.062335878773242474,0.05112944500293145,0.015461765300644628,0.02875731225986473,0.03360766279734584,0.04850786981740627,0.06425477870093821,0.01356032314332975,0.08139248995814499,0.0260571771076257,0.009530487813748868,0.024532531827697625,0.0,0.0
U:ACG,0.03362142101735886,0.0016580214535579668,0.09387965398486861,0.06530590108429954,0.049248660605332784,0.03359430384405301,0.04350756762829328,0.04418549696093965,0.04773397278210576,0.034295476468104394,0.04168684313490019,0.038041520266213165,0.057418677534196695,0.04674613289739249,0.016874629560043233,0.02919744788660373,0.032455382565207115,0.05394380546914647,0.06491851289421591,0.014937688609625048,0.08727081146204177,0.02900375379156191,0.012508764657800642,0.027965553442137765,0.0,0.0
U:ACT,0.03827988620934893,0.0024455291911812246,0.10389539018555635,0.07860444817999612,0.05971746298571152,0.042828279562940455,0.048664899463373636,0.05183616732398009,0.048414366069696776,0.03352621710738993,0.03957619447856727,0.03955841468933859,0.0567207603284412,0.0548700459041831,0.019848710157108682,0.031605999870692444,0.03502618478050042,0.037494342794336326,0.05423805521432728,0.016514191504493438,0.056471843279239674,0.022098661666774422,0.009127497252214392,0.018636451800607745,0.0,0.0
U:ATA,0.03984035943887198,0.003873962291332769,0.09804208460139381,0.09529812176982226,0.06346004934180909,0.05565584988564946,0.05668005258324179,0.05631764239793989,0.04938907997334822,0.038469503520556086,0.035689524769948314,0.04344195134249338,0.04813302479696026,0.057726765230231764,0.027079469125353407,0.03380544200536637,0.035649006861032576,0.02590895175667645,0.041247231276224094,0.02069339648124471,0.03729673515693937,0.016763159316417857,0.008997226774234212,0.010541409302911886,0.0,0.0
U:ATC,0.03891767846563452,0.002596415340799589,0.10190974824585823,0.076620127483101,0.05971576836049309,0.04119110330699444,0.04776155092543024,0.05097896457454478,0.04711378544865343,0.03333761608028723,0.039688572917335845,0.039754598599541745,0.0580972469074998,0.05512073777454193,0.019525757153971892,0.030409287850560685,0.03524343847477105,0.039153229548098814,0.056310984532145586,0.016729480288657145,0.05887349479289349,0.022748524236778804,0.009370293439545457,0.018831595251861212,0.0,0.0
U:ATG,0.040186998188981506,0.002634208722753361,0.10191988380893308,0.08086025292998289,0.06038897971633758,0.04399664597842859,0.049249748256942553,0.05176271190766996,0.04620075376146883,0.03449358485942591,0.039538656119621665,0.0403924766794676,0.05567190828256994,0.054718539137271115,0.02030153011280897,0.031466286850525244,0.035795374053809836,0.0364054282056878,0.05245444695017593,0.0174350413573322,0.05473385430426387,0.022032143982989954,0.009291201308936273,0.01806934452361535,0.0,0.0
U:ATT,0.03883621984836542,0.0035564303890444527,0.09933763298509347,0.09309718635550078,0.06316365531366991,0.05409983843644804,0.055966601489636274,0.05625401912924068,0.04928777037943483,0.03863299525470574,0.037156713742192184,0.043850060894797885,0.04975373534061168,0.05850400570190146,0.02582549104142443,0.033090770264758096,0.03553091699291472,0.027698060511574366,0.04237232777804391,0.02066939277943019,0.034337698307284295,0.017922957556543613,0.009142203506204882,0.011913316001178703,0.0,0.0
U:CCA,0.038142290515630776,0.0019092625710603352,0.10347383880668591,0.06752055629377267,0.05527370093215174,0.03264029732943022,0.041378345705408076,0.04695027524952294,0.04680340889790291,0.03132749198229611,0.04147226024317871,0.03710123787353508,0.06236324944300686,0.051084513093085294,0.01499735240930753,0.028985623082994474,0.03487326532855102,0.04815417969647621,0.06496787922990079,0.013674556153899951,0.0757810392542786,0.0266407569112108,0.00951733922130861,0.02496727977540438,0.0,0.0
U:CCC,0.03401810282257657,0.0010634447928607677,0.10231814790778357,0.05753721551335472,0.048227019180419675,0.02501925724648669,0.03553846495989842,0.04275513071677392,0.047028116590749645,0.02958843069109759,0.04232955062381348,0.034021135459818566,0.06578801056975167,0.049336964410991085,0.011953645128876974,0.02748378044515071,0.032611970021369986,0.05753216111795139,0.07396905496958264,0.010841678140144232,0.10385266235223475,0.028521953260994826,0.009441610613421643,0.029222492463896455,0.0,0.0
U:CCG,0.03326712421194179,0.0010321994133508838,0.09474690991219202,0.05889455230717876,0.04452425313506898,0.028177150040601423,0.03843759099808475,0.04183958768841782,0.047803143473351024,0.03341863972215843,0.04359148577529776,0.03590444106165024,0.060457056006287896,0.044668666355744215,0.014415280339205349,0.027604232017594738,0.03132109687759677,0.05994095629961245,0.0707364364025483,0.01339491807509014,0.10333594539759801,0.030551682177277883,0.011332886678235508,0.030603765633914853,0.0,0.0
U:CCT,0.03585523586402128,0.0017990580081509138,0.10401444712887717,0.06488908412036021,0.053644727530077846,0.030183761622373528,0.04003318935012324,0.04530834370500525,0.04704492764233594,0.03071186275227567,0.04140273812138517,0.03581716572711521,0.06412084828074285,0.05140151792468946,0.014033238157991068,0.029038729043121752,0.033965395221709736,0.05146301583815311,0.06737438075017693,0.012424530834370501,0.08381970373624228,0.026480220611562584,0.00959660297239915,0.025577275056739145,0.0,0.0
U:CTA,0.04046032394558015,0.002589967924785265,0.10465536755002654,0.07962448987259142,0.060499114761643116,0.042453871332835534,0.04937610654794611,0.051724218900425945,0.04777939014825981,0.033664886797503485,0.03829771246894621,0.03969953554337668,0.058979886069588656,0.05579114949492103,0.019907296524324096,0.03211278453251431,0.035522243668315044,0.0352592550848373,0.054342364173440974,0.016340513860907218,0.053269276828357685,0.02118936586877809,0.008850035456496522,0.01761084264359881,0.0,0.0
U:CTC,0.035727085309176475,0.0015752967653983243,0.10391542488646224,0.06668794719356329,0.0533203960021803,0.032571882277969005,0.041612264958693114,0.047359159595885096,0.04714827495209001,0.030763805741824187,0.040872440142756226,0.036340148863815765,0.06293581385915441,0.05319939661639622,0.014950914582500262,0.02922999448012326,0.03447675832274109,0.0497779949364638,0.06517603105881377,0.013320303812172076,0.0787003052641647,0.026022934569294043,0.009728350617039248,0.024587075191323075,0.0,0.0
U:CTG,0.035263103669894304,0.0018054290428773045,0.10450392402806918,0.06690880784445837,0.05458724523253893,0.03201774684417872,0.04118226165965373,0.045832386191738524,0.04655030589266528,0.031837858080848554,0.0418870985414292,0.03628601659228539,0.0631875634721148,0.05102381236620773,0.01460287920142472,0.029439613795178655,0.035043148772913334,0.0502944451985236,0.06649588136499594,0.013198929171252467,0.07551812052220072,0.026521327448245185,0.010253659509819473,0.02575843555648589,0.0,0.0
U:CTT,0.03740971327845404,0.002611415446522366,0.10357823266524621,0.07783917241870486,0.05961030559495759,0.04131615338504727,0.04758829848478554,0.0508169575823041,0.04805716625813842,0.0339187256292621,0.03968401873097079,0.03999501457051118,0.05740009852158275,0.056062341608750614,0.019612917010404116,0.03165629024695681,0.03536331317399742,0.039002676700832684,0.0553833735926548,0.01636526580054721,0.05616323720554807,0.022364399285421773,0.00935598934067695,0.018844923467722312,0.0,0.0
U:GCA,0.03671825627301128,0.0018997495145084574,0.10136730793340515,0.07052612187564765,0.0561174492952377,0.03590974334831811,0.0426209123403123,0.04756409895584138,0.04616967001926615,0.034022786759833286,0.04159619896581986,0.038101171576165244,0.059195427296522114,0.05145954493003549,0.017180899649729686,0.030031393840461978,0.036096520068263055,0.04650612397368751,0.06284141121325552,0.014841073480008495,0.06840505474093045,0.026228056933637976,0.010062915610184192,0.024538111405916985,0.0,0.0
U:GCC,0.03547850450923737,0.0014031170650555993,0.10105616846160581,0.061401147009894054,0.05045201821206549,0.027520576131687242,0.03836025742054111,0.04273377987916995,0.04653926976622012,0.03142456877681464,0.04303147710358112,0.03541721390421154,0.06395893529463269,0.0469070133963751,0.01298594693984765,0.028728876630767883,0.03368356536205236,0.05618706768233955,0.07037693722090885,0.012335828736537956,0.09146856667542247,0.029457797040539357,0.010037431048069347,0.02905393573242273,0.0,0.0
U:GCG,0.03129776064854808,0.0009939752364498194,0.0937963762819235,0.059588676988504216,0.04412530179192416,0.02957007110106984,0.04128181274503289,0.041976764790573017,0.04825625179967661,0.03559760338449952,0.04238930604469843,0.03625656189780052,0.05856978315281192,0.042284094181230206,0.014959465745232242,0.02849026513389594,0.03197610029459322,0.05984616918067646,0.06790041420249407,0.014184220435466365,0.10318238199658893,0.031095643121359116,0.0114708618512858,0.030910137993665137,0.0,0.0
U:GCT,0.03507825017496067,0.0017671937521149925,0.10356944028352726,0.06806303678358608,0.054705380783556974,0.03341415283254354,0.042110638215291984,0.046144740081822164,0.04638489407147128,0.03267671027846947,0.04116821574075983,0.03702737876771894,0.06233694089907347,0.05161370139155895,0.015432926082300045,0.03010051293496072,0.03548821001587685,0.04941835431446345,0.06619881111646134,0.013742144963255227,0.0711995934362761,0.026590383409483172,0.010417588975233816,0.025350800695233672,0.0,0.0
U:GTA,0.03893895795371133,0.0033160495390597336,0.10059778007602993,0.0862946781391662,0.06184643454319893,0.0470813370199174,0.05155589325791314,0.053485956037719475,0.047494084345854115,0.036028620274805294,0.038934267643189316,0.04205332414032471,0.05171067350513941,0.05685125383726029,0.022199239700664383,0.032060617573186435,0.03650703194805012,0.033460675264005854,0.05024964177753388,0.018430575196230866,0.04524039014002922,0.020222273815637966,0.009547127067547507,0.01589311720382448,0.0,0.0
U:GTC,0.03736100024500312,0.0019402666582364516,0.10305345019718799,0.06962435489097361,0.05483327932726885,0.03521722292913087,0.043367528392700486,0.047898110314631426,0.04664740889440366,0.031771372570715016,0.04126721937263394,0.03773443242260668,0.05902994570414687,0.051995985110132856,0.01673529388519628,0.028920247532186298,0.03442689027811806,0.04750887148400762,0.061983813987307255,0.014854302175785788,0.07405219356827289,0.025482300500280566,0.01073469323238151,0.023559816326691903,0.0,0.0
U:GTG,0.03535946836922545,0.0019369530093303288,0.10119690419432119,0.06936757417380182,0.05582194257183262,0.03491375580404295,0.04284412032816773,0.04601152451478379,0.04673580743320535,0.032461151289780735,0.04096643760676061,0.03707593590748145,0.06035730500371625,0.051451351540375515,0.01557386085470126,0.02903177243054411,0.034757282243925686,0.04849969120179992,0.06289288792107094,0.014192863146090591,0.07704900348864915,0.026114488858963978,0.010840535661154135,0.024547382446274447,0.0,0.0
U:GTT,0.038380400857368484,0.003149325010341067,0.10105666904824578,0.08445267551611327,0.060551648930169594,0.04625653367427519,0.05086488925657128,0.053173767532809384,0.04888880532470951,0.03606212161095025,0.03920580603918324,0.04179295303275298,0.05333358402587147,0.05533411048020156,0.022438235625916594,0.03185236716429136,0.03533824690708081,0.03660361749332531,0.05026322716504343,0.018540593389237768,0.04442146429511525,0.020949121949385176,0.010538487571917422,0.01655134809912383,0.0,0.0
U:TCA,0.03770804351524735,0.002685925599735786,0.10221029033517148,0.07718627087941232,0.05949068745684004,0.04173005134158669,0.04750222680371101,0.05073484522463195,0.04773491528137792,0.033080545241645734,0.03957705741650737,0.03979098069436243,0.05680476185710426,0.054245188602768245,0.019738488175422092,0.030020566658993785,0.03479443349112781,0.039944855332819586,0.05498578848867583,0.01655716130065353,0.06256442718602068,0.02263958806633373,0.009491438064832514,0.018781462985017865,0.0,0.0
U:TCC,0.03671530265524823,0.0018260671079662178,0.10368844267462063,0.06718720617645911,0.053774364808943,0.032462363976332086,0.04135852769791362,0.04725776522028117,0.047573542369132846,0.031319889347902446,0.040972972077967386,0.03682647513461923,0.06179888898481786,0.052704034023509434,0.015332340665592,0.028842162281070047,0.034357026869442114,0.04912167827867156,0.0654403790271935,0.013559494425409772,0.07763623655138238,0.025857062941363612,0.009946388845852262,0.02444138785830949,0.0,0.0
U:TCG,0.03613355890865058,0.001979509287806051,0.09562618620269145,0.0659464287247838,0.051106549985829974,0.03412828594247829,0.04454969384162208,0.04533119208539801,0.048070729885008115,0.03348848792971668,0.04098571833429231,0.037692261449808064,0.05706225363482562,0.049376089588897575,0.017326073701295915,0.029301890195202802,0.032415001331123384,0.05148441726853482,0.06460671744973935,0.014934345559630033,0.0829375746073186,0.028249873328581365,0.01118573035734222,0.026081430399422893,0.0,0.0
U:TCT,0.03755635461374288,0.0022949060226500643,0.1049185961021183,0.07618931803247231,0.05831984318328121,0.03960023785802821,0.04687766711702013,0.05105803311938755,0.047427685915837084,0.03294646074617358,0.03986799548828393,0.03907141653827317,0.059628508601156045,0.05656937767548444,0.01851655578897575,0.03096505428228125,0.035832664868971686,0.040349959222744224,0.05670771911778323,0.0158267072616985,0.057459671796084716,0.022656758146804814,0.009632580748449516,0.019725927752297416,0.0,0.0
U:TTA,0.0381852303650183,0.003789058834568828,0.09871258327859622,0.09463638922773764,0.06349817021675894,0.055839354414938536,0.05706296331050014,0.056800225204091205,0.04952237965656376,0.03953645491226424,0.03680397860561133,0.04384911325889087,0.04813549779487661,0.058051984611053764,0.02694942291451628,0.03429295298864596,0.0354471239560852,0.02634324856901567,0.041165431171999625,0.02139438866472741,0.032521347471145726,0.017139908041662755,0.009426667917800507,0.010896124612930469,0.0,0.0
U:TTC,0.037608831273956055,0.0028726307382265846,0.1026423652563754,0.07874768147925515,0.05927749565034133,0.04184293810612329,0.04836892290117743,0.0511565362228079,0.04899278309901655,0.03429075716990192,0.03922775447449058,0.0403557320298926,0.05633780892156006,0.055640905591152444,0.020276055143972804,0.030929575643348344,0.03505591391926698,0.038582340565401746,0.05427344235519798,0.01663946508478392,0.056620402024611945,0.02211291031381006,0.00961535007418069,0.018531401961148237,0.0,0.0
U:TTG,0.03873791198801804,0.002714121222090436,0.10237619076477328,0.08405695470115808,0.06135558883877167,0.04592939533246181,0.050151361677935824,0.052975144363545064,0.04768975040473738,0.03550434172820695,0.03958201667431411,0.04180266131056992,0.05514817283800982,0.05676135068293119,0.021509518903616232,0.03206587768129493,0.03580591075288366,0.03624022786497788,0.05085117496486504,0.01802199578091948,0.043073868538991866,0.02122382193286987,0.009710811177388961,0.01671182987466849,0.0,0.0
U:TTT,0.037585603783810415,0.003541163718776174,0.09770884507914611,0.09065994974626793,0.06312861154709704,0.052963492141695816,0.05487176148480775,0.0551805685569296,0.0505264676693952,0.038490030194469275,0.03823225107158693,0.04422011697717467,0.049370420681451865,0.05843404021706234,0.02552013316535167,0.033625658964378975,0.03513010367471618,0.029985078723808584,0.044027442479184116,0.02054138894558661,0.0342450326930792,0.01900791109171658,0.009952209686160516,0.01305171770634647,0.0,0.0
