filename	sha256
context_counts_CHM13-T2T_1536.csv	71ba373e0dc0b2a27f06e273e84fdd8a6a5c45980049654a1e9914708be8f134
context_counts_CHM13-T2T_1536_exome.csv	e1bb3492204f678bc870bd93eb2161610bbf607586817ae3c7b16c04a2ecd995
context_counts_CHM13-T2T_24.csv	f7dde21825f36ab1208f1c72820dd4c7431c23eadcd80439200b15a7b545cf28
context_counts_CHM13-T2T_24_exome.csv	33ef8729b2ab9783e8e30befded83688fabb3d42e8cca8e2b73cade7120d38b3
context_counts_CHM13-T2T_384.csv	2bf3d8efaca7dd2e41b0be6a976b9b68c260ed03f9bf8e4811706d701d2c0286
context_counts_CHM13-T2T_384_exome.csv	b240209349c38936c9433b88764687d8bb8e24c85e186e00781802bfa8c45f89
context_counts_CHM13-T2T_6.csv	23fc937d804c0830c18246efba17e2ac6316f10481e5fd4457e6f284b97d818d
context_counts_CHM13-T2T_6144.csv	bcb9f7c0dc97dbbb7cb63d72f927c4b7c2ca21d40999cfc5c26865e091dd3f91
context_counts_CHM13-T2T_6144_exome.csv	ffc16fb8c674d964c060acbf972d50010dfa348740683fe903f58be69ca3682a
context_counts_CHM13-T2T_6_exome.csv	4666becd04e35a53900a7c9d9e145b191ba6b87d839fde2e840a006b0eabb491
context_counts_CHM13-T2T_96.csv	a89307eb3ff570ffb8874925cd74d5e612a8154fca26391fd08b3419fbbb1220
context_counts_CHM13-T2T_96_exome.csv	8366ecceac034d492e755871608b2d9498e4719a8fed400cde7606c893ce48ab
context_counts_CHM13-T2T_DBS.csv	657667bc68c5845d6ad1942de4dc16a12cfa164e99f73c4e588d4abce3d02d36
context_counts_CHM13-T2T_DBS186.csv	461df51bdb83d099efbd09e38a7731330d5c9f9aefb02c243c619be18e0e5839
context_counts_CHM13-T2T_DBS186_exome.csv	758c8d919985cea7e0e63b7e47a14dfc7fb6d563984a6696f34c5f6cd572deaa
context_counts_CHM13-T2T_DBS_exome.csv	957c625818c36c4dfcc2ee60a4af7faacaf2c3dc190dce0c85f40de232614c1f
context_distribution_CHM13-T2T_1536_female.csv	04d38c88ce19cd629bfb07d394a6327a6d9c48e1c11c3693e84defb8c554c23d
context_distribution_CHM13-T2T_1536_female_exome.csv	db3ca579b68616ef42a4b405c5d0c8726725ac53c54c432d2d5945f564705be3
context_distribution_CHM13-T2T_1536_male.csv	98cddb4386b9c9513f14e1c70ecca890a51977ed0ba15911ce3020a1e75cd1ed
context_distribution_CHM13-T2T_1536_male_exome.csv	27f2759f259c0bc26395b23ab63e78eea07bdf1c1e3daea338c2deca3bab3ddd
context_distribution_CHM13-T2T_24_female.csv	93a655e6aefdbd90f884a49dd1f6a45dead650b28f9a2866ed9eb2fe9d2b6ae7
context_distribution_CHM13-T2T_24_female_exome.csv	a8f0a89f4684af2961e925f663197bc045004eb8443a2e591ee006b121c108e1
context_distribution_CHM13-T2T_24_male.csv	77a36effc780f838f845c45d95c183ea3b732fb60657b5aed572d7a8fa9adc9d
context_distribution_CHM13-T2T_24_male_exome.csv	3f1fa520f6096433af703bc83cb3e2333ffe4214694563575398caef878be644
context_distribution_CHM13-T2T_384_female.csv	9a748f9046f66020c10195bb8f7360e1f9063ebdc605ac3c26e632653de2c824
context_distribution_CHM13-T2T_384_female_exome.csv	e52f932c6a105280ce061285b14f7fae1a1c5a4ffb258d8a679388c42a4442f1
context_distribution_CHM13-T2T_384_male.csv	7be1b78e598cba9a94340a13582d886671d2ece7dd7aa48f7c30d53848ae500c
context_distribution_CHM13-T2T_384_male_exome.csv	3437131a78d42d54ef8af222c152342aa4215249fd4e652f37a82e4d0c46c26b
context_distribution_CHM13-T2T_6144_female.csv	aaebc7db995756150c53b6f27cde56a722f3b150844a749d6bb489e43d53e398
context_distribution_CHM13-T2T_6144_female_exome.csv	20418914327b97daf0e7a49001aa05d47b5b6dce8b73fe29829dee940e3f32b1
context_distribution_CHM13-T2T_6144_male.csv	9de0ee24209532fc757450c368f9ae22266a0669ed464148a1b361a4fddafae3
context_distribution_CHM13-T2T_6144_male_exome.csv	3c34bafcd89404a55b193a99eba87ac99a20a3ce5326f096bc4001a51339bf86
context_distribution_CHM13-T2T_6_female.csv	925fee8793069de82a0bd5977915b352df5302a9a208a4a3b67adc2797eb4d4e
context_distribution_CHM13-T2T_6_female_exome.csv	b66d0931100812e891b3e2f61c22812ffa4a05dec68e25cebf4cca6ca13ea9c2
context_distribution_CHM13-T2T_6_male.csv	ca370fde67ea20b27d24d0df03fe67c2b33ba9f9410ad99c4f31c997fb534e6c
context_distribution_CHM13-T2T_6_male_exome.csv	efb9037af7ddb7dcc9278c7ce84923e60672e12e7a2fcfa3500f5b40e9a2bc2f
context_distribution_CHM13-T2T_96_female.csv	77fa2c442b8705d02f730f4d583db278363a72e12f900d6dce965338f07420d9
context_distribution_CHM13-T2T_96_female_exome.csv	180ebddad8cf975be3b57eb48e1a3ec2ce3e9c084914c93033bbdeff7ec27ced
context_distribution_CHM13-T2T_96_male.csv	ba4da8bdb3b4993e0701def03d5086e039247b7d04979cfc34ca531b4b5763ab
context_distribution_CHM13-T2T_96_male_exome.csv	71290fb4905345d0b4fc62f0aa14a9bb431716b9dad90d4786713c0d51f70e4b
context_distribution_CHM13-T2T_DBS186_female.csv	04a4a4517cb7c018961f228e7160c665f92de87f2f98e870af1527478f246a09
context_distribution_CHM13-T2T_DBS186_female_exome.csv	7fa83d107d995dea82c2a7ee862749ba89e28a5b1bedf0a6873979ab94de5c6f
context_distribution_CHM13-T2T_DBS186_male.csv	4f9ea6da8acd11f6bd80db811985c67e779d2674c37daa7cc3be868e3bb5883a
context_distribution_CHM13-T2T_DBS186_male_exome.csv	41be095c827243eab3815dd3cf80cafcc6fee481f31f67525a42d46eef274d4d
context_distribution_CHM13-T2T_DBS_female.csv	5a95181f8af019a5057193eeee66387b6ef3b8b73b2cc347426396e7ff39da5c
context_distribution_CHM13-T2T_DBS_female_exome.csv	ba0ab698e16616a80c8f1d5dcd02d2d29ab02058b8cec395e7886dd08ba1d640
context_distribution_CHM13-T2T_DBS_male.csv	d54acd86db2cb5df0abeb51529dcd512b276aab81082be5b9fa0f5788d36496d
context_distribution_CHM13-T2T_DBS_male_exome.csv	80f4eeb7c87ca1819d1c2e85104fcadcfcda9be46e43de55499786023badc3a0
